,bc,Ob,Pd
0,V3F1_CTCCCAACAATAACCC,Olfr55,Olfr55
1,V3F1_TCTAACTAGAAGCGGG,Olfr1280,Olfr1508
2,V3F1_AAGCGAGGTGAACCGA,Olfr1184,Olfr731
3,V3F1_AACACACCATCCGCGA,Olfr31,Olfr1193
4,V3F1_TCCGTGTTCTTCACGC,Olfr1226,Olfr1193
5,V3F1_TTGTGGACAAGAGAGA,Olfr1392,Olfr984
6,V3F1_ATCGGATTCACTGATG,Olfr1384,Olfr1182
7,V3F1_TAAGCACTCTGTAAGC,Olfr539,Olfr374
8,V3F1_TAATCTCGTCACTTCC,Olfr1344,Olfr67
9,V3F1_GTGCTTCCAGAGTAAT,Olfr1307,Olfr1307
10,V3F1_ACTTTGTGTTACGCCG,Olfr1262,Olfr859
11,V3F1_CCCATTGGTCACGTGC,Olfr539,Olfr1226
12,V3F1_TTTATGCGTCTGTCCT,Olfr706,Olfr67
13,V3F1_TTCACGCTCGCTAGCG,Olfr1305,Olfr1303
14,V3F1_ATCGTGATCGCCTATC,Olfr1184,Olfr1182
15,V3F1_ACCTGAAGTGTACATC,Olfr213,Olfr213
16,V3F1_CAACCTCTCCAACTAG,Olfr743,Olfr1508
17,V3F1_TGGATCAAGACCAACG,Olfr434,Olfr462
18,V3F1_CATGGATAGGGTCACA,Olfr800,Olfr360
19,V3F1_CCGCAAGAGCTTCATG,Olfr166,Olfr166
20,V3F1_GGAATGGTCGACGTCG,Olfr1263,Olfr67
21,V3F1_CATCCGTCACACTGGC,Olfr1440,Olfr1440
22,V3F1_AGGAGGTGTCGTAATC,Olfr729,Olfr1195
23,V3F1_AACAAAGCAATCTCTT,Olfr984,Olfr984
24,V3F1_GAGTTACTCCGCCTAT,Olfr1348,Olfr1336
25,V3F1_GACTATGGTCATCACA,Olfr318,Olfr287
26,V3F1_TTGAACGCACCAGGTC,Olfr330,Olfr67
27,V3F1_GAACTGTTCATGCCGG,Olfr1264,Olfr1256
28,V3F1_TCTACCGTCTTAATCC,Olfr465-ps1,Olfr330
29,V3F1_GTCCACTCATGGAATA,Olfr392,Olfr523
30,V3F1_ACTATGGGTAGCCAGA,Olfr391,Olfr601
31,V3F1_CTGGACGAGGGTGAGG,Olfr1324,Olfr1491
32,V3F1_AAGCGTTTCGCGTCGA,Olfr1509,Olfr1195
33,V3F1_CTCATGCAGCCGATTT,Olfr1509,Olfr1443
34,V3F1_CATAAGCCATCTAGAC,Olfr1346,Olfr1346
35,V3F1_TATTTCGAGCTTCTAG,Olfr1311,Olfr1318
36,V3F1_TATTGCTAGCACTCTA,Olfr167,Olfr1303
37,V3F1_CATACCCGTCTTTCAT,Olfr741,Olfr741
38,V3F1_ATTACCTCATCCTATT,Olfr1446,Olfr769
39,V3F1_TCTATACAGGCACGAT,Olfr728,Olfr1307
40,V3F1_CCGCAAGGTACCGCGT,Olfr1507,Olfr1507
41,V3F1_TTCTTGACACTAGAGG,Olfr1256,Olfr1256
42,V3F1_TTAATCCCATTCATCT,Olfr1184,Olfr1491
43,V3F1_TGTGATGGTCGTACTA,Olfr1232,Olfr1386
44,V3F1_TCCACGTAGTTGTCAC,Olfr166,Olfr1013
45,V3F1_CCTCAGTGTAAGCAAT,Olfr314,Olfr314
46,V3F1_TCAAGCAAGGGTCTTT,Olfr1241,Olfr1201
47,V3F1_ACTATGGGTTCCTTGC,Olfr364-ps1,Olfr1396
48,V3F1_GGGCTACTCTGCGTCT,Olfr455,Olfr455
49,V3F1_GTTCTATAGCACGTCC,Olfr1440,Olfr827
50,V3F1_AGGATCTAGGTCATAA,Olfr1347,Olfr1013
51,V3F1_GAGTGAGAGCGCTTCG,Olfr1381,Olfr1347
52,V3F1_ACTGCAATCACGGTCG,Olfr741,Olfr741
53,V3F1_ATCGATGTCACCGGTG,Olfr332,Olfr718-ps1
54,V3F1_CTACGGGGTTGCAACT,Olfr452,Olfr1311
55,V3F1_CCCTAACGTATCCCTC,Olfr391,Olfr1184
56,V3F1_AGGACTTGTATCAAGA,Olfr728,Olfr1196
57,V3F1_CCGGGTAGTAGCGCCT,Olfr1229,Olfr1423
58,V3F1_GGTTCTCGTCGTAATC,Olfr1312,Olfr1307
59,V3F1_TGTGTGACAGCCTTCT,Olfr1564,Olfr984
60,V3F1_CTCCAACAGACTAAGT,Olfr1110,Olfr1013
61,V3F1_GTAACCATCCGAGAAG,Olfr1359,Olfr1336
62,V3F1_AGGAAATCAGTATGAA,Olfr1428,Olfr1184
63,V3F1_TCCTTCTTCGTGCGAC,Olfr818,Olfr777
64,V3F1_TTGATGGGTACAAACA,Olfr536,Olfr1195
65,V3F1_GGGACTCAGTGGATAT,Olfr1336,Olfr731
66,V3F1_GAGATGGGTAGACTGG,Olfr1277,Olfr1307
67,V3F1_ATACTTCCACTCCTTG,Olfr314,Olfr314
68,V3F1_GCACGGTAGTTACGTC,Olfr329,Olfr1228
69,V3F1_GACTCTCGTAGTACGG,Olfr398,Olfr398
70,V3F1_AACAACCAGCCTGTCG,Olfr1112,Olfr1303
71,V3F1_GTTAGACTCTGGCCGA,Olfr695,Olfr1196
72,V3F1_TGATGGTAGTCGAGGT,Olfr140,Olfr1193
73,V3F1_GTTATGGTCGCTACAA,Olfr1348,Olfr1346
74,V3F1_TACGTCCGTATGGTAA,Olfr1384,Olfr943
75,V3F1_ACCTACCCAGTATACC,Olfr1030,Olfr1046
76,V3F1_CATCCCATCATGCTAG,Olfr287,Olfr287
77,V3F1_GGGACCTAGGCTCTAT,Olfr1384,Olfr1307
78,V3F1_ATTCCATAGCCGCTTG,Olfr1195,Olfr1195
79,V3F1_TGGTGATGTGGCCTCA,Olfr1213,Olfr1346
80,V3F1_CCACACTAGGGCTAAC,Olfr140,Olfr1193
81,V3F1_CCTCAACGTTTCACAG,Olfr1229,Olfr1494
82,V3F1_GGTAATCTCATGACAC,Olfr1233,Olfr523
83,V3F1_GTAGGTTGTGAATTGA,Olfr220,Olfr698
84,V3F1_GTCAGCGGTCCATCTC,Olfr525,Olfr67
85,V3F1_AGATCGTGTTGATCGT,Olfr1349,Olfr67
86,V3F1_CAGCCAGTCTGGACTA,Olfr17,Olfr715b
87,V3F1_TGAATCGTCCGTCAAA,Olfr160,Olfr968
88,V3F1_TGCAGTACACCAGCTG,Olfr1110,Olfr1193
89,V3F1_AGGTTGTCACTACACA,Olfr186,Olfr67
90,V3F1_TCAAGACAGACGCCCT,Olfr124,Olfr1226
91,V3F1_GACTTCCTCCGTGGTG,Olfr744,Olfr1193
92,V3F1_TAAGCGTCAAATTGGA,Olfr1348,Olfr1348
93,V3F1_TGTAAGCTCTAAGAAG,Olfr791,Olfr1307
94,V3F1_AAGAACAAGTAGACCG,Olfr1229,Olfr1196
95,V3F1_TGTGGCGCACCGTGCA,Olfr721-ps1,Olfr1193
96,V3F1_GTACAGTTCGGATACT,Olfr1191-ps1,Olfr1013
97,V3F1_GCGGAAATCCTTATCA,Olfr220,Olfr56
98,V3F1_CGAAGTTGTATGAGCG,Olfr169,Olfr167
99,V3F1_CTACATTAGCGTTACT,Olfr1264,Olfr1256
100,V3F1_GGGAAGTCAGGATTCT,Olfr465-ps1,Olfr523
101,V3F1_CTGATCCTCAGAGTGG,Olfr531,Olfr1307
102,V3F1_ATGAGGGAGAGGTGCT,Olfr694,Olfr61
103,V3F1_CCACAAACAGCGATTT,Olfr727,Olfr764-ps1
104,V3F1_CGTTCTGTCGTAACCA,Olfr726,Olfr1347
105,V3F1_TAGGAGGTCTTTGCGC,Olfr1384,Olfr1384
106,V3F1_TCGATTTCAGGGAGAG,Olfr1260,Olfr325
107,V3F1_AGTCACATCCATTTAC,Olfr1126,Olfr342
108,V3F1_ACCCTTGTCTCACCCA,Olfr1346,Olfr205
109,V3F1_CTTCAATTCTCTCGCA,Olfr1440,Olfr1440
110,V3F1_GTAATGCAGACCAACG,Olfr820,Olfr1193
111,V3F1_CGGGCATAGGAGGCAG,Olfr1241,Olfr1384
112,V3F1_ATACCGATCTGGGCCA,Olfr6,Olfr731
113,V3F1_GTCAAACGTTAAGACA,Olfr727,Olfr731
114,V3F1_GGTAATCCACGGATCC,Olfr921,Olfr536
115,V3F1_AGCATCAAGACGATAT,Olfr455,Olfr731
116,V3F1_GGTTAACCACCGTGGT,Olfr1200,Olfr1196
117,V3F1_TATCTGTCATCAGCTA,Olfr166,Olfr536
118,V3F1_ATCGTCCTCCGACGGT,Olfr30,Olfr1307
119,V3F1_ACATTTCCACCAACAT,Olfr1297,Olfr1303
120,V3F1_ATCACGACAGGCCCTA,Olfr168,Olfr455
121,V3F1_GCTTGGGGTCTGTGGC,Olfr311,Olfr205
122,V3F1_GATCCCTAGGACTGGT,Olfr1215,Olfr1046
123,V3F1_CATTGAGAGCATTGAA,Olfr1196,Olfr731
124,V3F1_ATTCCCGAGGCCTAAG,Olfr1427,Olfr1193
125,V3F1_CGGACACCATCCTATT,Olfr6,Olfr67
126,V3F1_GTTATGGCAGGAGGAG,Olfr1382,Olfr1263
127,V3F1_AAGCGAGTCTACGGGC,Olfr1195,Olfr726
128,V3F1_CTCCATGTCTCTCTAA,Olfr1124,Olfr1193
129,V3F1_GAGGGTATCCGAGCTG,Olfr1347,Olfr67
130,V3F1_ATTTCACCATACGCAT,Olfr211,Olfr1263
131,V3F1_CCACAAATCCCACAGG,Olfr1184,Olfr67
132,V3F1_GGTGAAGTCAAGCTTG,Olfr330,Olfr330
133,V3F1_GCCTGTTGTAGTCTGT,Olfr17,Olfr612
134,V3F1_AGGGTTTTCCTTACCG,Olfr59,Olfr370
135,V3F1_CAAGAGGTCAGACAAA,Olfr45,Olfr601
136,V3F1_TTCCTCTAGAGCAGCT,Olfr1189,Olfr1193
137,V3F1_AAGACAAAGACATATG,Olfr328,Olfr1178
138,V3F1_GCACTAATCGTGACTA,Olfr1348,Olfr1348
139,V3F1_CTTCCTTCATCGTTCC,Olfr1294,Olfr1294
140,V3F1_GGGTCACCAGCAGAAC,Olfr291,Olfr731
141,V3F1_GCGTGCATCCGCCTAT,Olfr195,Olfr1193
142,V3F1_GAGTCTACATCGATCA,Olfr166,Olfr67
143,V3F1_CTGGTCTCAGCTTCCT,Olfr524,Olfr455
144,V3F1_CGAAGTTTCACTTTGT,Olfr330,Olfr1428
145,V3F1_TGCGGCATCAACTGGT,Olfr1508,Olfr720
146,V3F1_CTTGAGACACAATGTC,Olfr722,Olfr1328
147,V3F1_GTGACGCCAAGAGTAT,Olfr1309,Olfr1307
148,V3F1_CCCAACTGTTACCTGA,Olfr800,Olfr360
149,V3F1_GCCGATGGTGATAGAT,Olfr181,Olfr701
150,V3F1_CCGGTAGGTATCGGTT,Olfr1226,Olfr1193
151,V3F1_CATCAAGGTGACGCCT,Olfr523,Olfr523
152,V3F1_AACAAGATCTTACGTT,Olfr1240,Olfr958
153,V3F1_TGATCAGCAAGCTGTT,Olfr285,Olfr1307
154,V3F1_TGATGCACATCGGAAG,Olfr1346,Olfr309
155,V3F1_GAGCCTGAGTCATACC,Olfr726,Olfr726
156,V3F1_TCGCAGGTCCCGTGTT,Olfr455,Olfr67
157,V3F1_CATCAAGAGGAGAATG,Olfr1243,Olfr205
158,V3F1_TGGTAGTGTAGGTAGC,Olfr1348,Olfr1347
159,V3F1_CTGTAGATCGCCAATA,Olfr1346,Olfr1346
160,V3F1_ACAAAGATCGCCAATA,Olfr309,Olfr309
161,V3F1_AATTCCTGTAGTAAGT,Olfr1317,Olfr1318
162,V3F1_CTCAACCCACTATGTG,Olfr1110,Olfr1110
163,V3F1_ACCAACACAGTTGTCA,Olfr1318,Olfr1307
164,V3F1_CGCCAGAGTTCAGGTT,Olfr1200,Olfr295
165,V3F1_CATCCACTCATTTCCA,Olfr1257,Olfr1013
166,V3F1_TTCTTGAAGTTGGGAC,Olfr55,Olfr55
167,V3F1_TCATTTGCAGAAATCA,Olfr1014,Olfr1014
168,V3F1_GACAGCCAGGGTACGT,Olfr99,Olfr1039
169,V3F1_TCATTACGTCAACATC,Olfr1229,Olfr1307
170,V3F1_TTACCATGTCTTGTCC,Olfr1349,Olfr2
171,V3F1_GGTCACGAGAACCGCA,Olfr417,Olfr67
172,V3F1_TTTACTGTCTCTCGAC,Olfr1219,Olfr67
173,V3F1_CCCTAACAGTCAGCGA,Olfr536,Olfr1346
174,V3F1_ACCTGTCAGCAGCACA,Olfr477,Olfr1193
175,V3F1_CCATCACAGTGAGGCT,Olfr318,Olfr1193
176,V3F1_GGGACAACACAAGTGG,Olfr1251,Olfr769
177,V3F1_ATTCCCGCAGTTGCGC,Olfr533,Olfr1299
178,V3F1_TCTGCCAGTAAGGAGA,Olfr1251,Olfr943
179,V3F1_ATCTTCAGTAGCCAGA,Olfr316,Olfr1100
180,V3F1_TAGGGTTAGTCGGCCT,Olfr726,Olfr1508
181,V3F1_CAGATACTCGATGGAG,Olfr1316,Olfr455
182,V3F1_CTTCTCTCAATGCAAA,Olfr524,Olfr1193
183,V3F1_GGTGTCGGTCCAGTTA,Olfr1427,Olfr455
184,V3F1_AGTGCCGTCTCGGCTT,Olfr776,Olfr1307
185,V3F1_GACTCAACACTTCAAG,Olfr1178,Olfr1184
186,V3F1_CGTTAGACAAGAGTAT,Olfr1346,Olfr1347
187,V3F1_AGTTCCCAGGAGTCTG,Olfr706,Olfr1110
188,V3F1_AGACAAAAGCACACCC,Olfr166,Olfr67
189,V3F1_GAAACCTAGTCGTTAC,Olfr322,Olfr1307
190,V3F1_CCTCCTCCATATACCG,Olfr1112,Olfr1193
191,V3F1_AATGACCTCCATTTCA,Olfr45,Olfr67
192,V3F1_GATCCCTCAACTGATC,Olfr527,Olfr1013
193,V3F1_CAGCGTGTCCACGGAC,Olfr61,Olfr1240
194,V3F1_GTGCAGCCACCAAATC,Olfr1348,Olfr1348
195,V3F1_GAGTCTATCTAGCAAC,Olfr8,Olfr295
196,V3F1_TGTGCGGAGCAGAAAG,Olfr1093,Olfr205
197,V3F1_TGCGGCAGTGAGTAGC,Olfr1286,Olfr67
198,V3F1_AAACGCTCAAGAATAC,Olfr1182,Olfr1200
199,V3F1_ATCACTTAGCATGTTC,Olfr1183,Olfr2
200,V3F1_TGATCAGCACAGTGAG,Olfr1290,Olfr205
201,V3F1_GTTCATTAGCTTTCCC,Olfr1226,Olfr1193
202,V3F1_GGCTGTGCATCGATAC,Olfr1184,Olfr1322
203,V3F1_GTAGGAGCAAGTGATA,Olfr181,Olfr67
204,V3F1_CTGGTCTCACATACGT,Olfr389,Olfr1354
205,V3F1_AAAGGGCGTGTTAAAG,Olfr943,Olfr601
206,V3F1_TTTAGTCGTGTGTGGA,Olfr1173,Olfr1044
207,V3F1_TACTTACGTTGTCATG,Olfr1305,Olfr1307
208,V3F1_TGTCCCAAGGAAGTAG,Olfr1346,Olfr1346
209,V3F1_CATCCCAAGCGTGAAC,Olfr170,Olfr67
210,V3F2_CCAATTTAGAATTGCA,Olfr1411,Olfr523
211,V3F2_CAACGATGTTACGATC,Olfr1012,Olfr1048
212,V3F2_GATAGCTGTGTGTCGC,Olfr1297,Olfr1303
213,V3F2_GACACGCCACCTCGTT,Olfr1191-ps1,Olfr1013
214,V3F2_TTCCGGTTCCATCAGA,Olfr1045,Olfr615
215,V3F2_CTACGGGGTGACGTCC,Olfr17,Olfr462
216,V3F2_TCGGGCAAGCTGACAG,Olfr1427,Olfr370
217,V3F2_GCCGATGCACTCAGAT,Olfr1294,Olfr1346
218,V3F2_TAACACGTCGCAGAGA,Olfr1427,Olfr2
219,V3F2_CAAGAGGGTGCAAGAC,Olfr122,Olfr205
220,V3F2_ATCCTATAGGCACTCC,Olfr286,Olfr1116
221,V3F2_TCCCATGCAGGGAGAG,Olfr806,Olfr1318
222,V3F2_TGTTCTAGTCTTTCAT,Olfr1288,Olfr1286
223,V3F2_CAGCACGGTTTCTATC,Olfr1348,Olfr1347
224,V3F2_TGGCGTGGTGTATACC,Olfr1342,Olfr67
225,V3F2_TGTTGAGGTTCTCAGA,Olfr1056,Olfr67
226,V3F2_GGGTGTCGTCTAGTGT,Olfr1348,Olfr205
227,V3F2_ACGGAAGTCGCAATTG,Olfr1213,Olfr1307
228,V3F2_GTCAAACCAAGAGTAT,Olfr1381,Olfr1336
229,V3F2_CGGGTCACACGCACCA,Olfr1191-ps1,Olfr2
230,V3F2_CATCAAGCACAGCTTA,Olfr743,Olfr12
231,V3F2_CCACACTGTCATGCAT,Olfr1318,Olfr821
232,V3F2_CACGTGGTCTTCGGAA,Olfr524,Olfr132
233,V3F2_TTCAATCTCCGGTTCT,Olfr1564,Olfr1214
234,V3F2_CACAACACAGCAGTCC,Olfr1346,Olfr1346
235,V3F2_TATCCTACATCCGGTG,Olfr720,Olfr1286
236,V3F2_ACTTCGCGTCTATGAC,Olfr727,Olfr726
237,V3F2_TGGTTAGAGGGCAACT,Olfr117,Olfr1193
238,V3F2_GTCGAATGTAAGGCTG,Olfr477,Olfr731
239,V3F2_ATTCTTGAGTCTCGTA,Olfr855,Olfr279
240,V3F2_GCACGGTGTAATGTGA,Olfr1508,Olfr1346
241,V3F2_CCAATTTAGCTCAGAG,Olfr536,Olfr1346
242,V3F2_GTGGGAAAGGGTAGCT,Olfr1311,Olfr731
243,V3F2_TGCGGCAGTCATATGC,Olfr169,Olfr1336
244,V3F2_TGTTCATCATCCTGTC,Olfr801,Olfr1307
245,V3F2_ACAGAAACACGTACTA,Olfr741,Olfr741
246,V3F2_CGTAGTAGTACGCTAT,Olfr195,Olfr67
247,V3F2_CCACAAACACTAGGCC,Olfr1348,Olfr731
248,V3F2_CTCTGGTTCAGCTTCC,Olfr53,Olfr1013
249,V3F2_GACCCAGGTGTGCCTG,Olfr140,Olfr67
250,V3F2_TCATACTTCCTGTAAG,Olfr820,Olfr984
251,V3F2_TTTCAGTAGACCCGCT,Olfr239,Olfr794
252,V3F2_GCTGAATCAGTGCGCT,Olfr1347,Olfr1349
253,V3F2_AGACAAACACGTCGGT,Olfr536,Olfr536
254,V3F2_ACACGCGGTATCAAGA,Olfr1212,Olfr1193
255,V3F2_CATGCAAGTTGGGTAG,Olfr1509,Olfr56
256,V3F2_CTATAGGCACCATATG,Olfr1097,Olfr1193
257,V3F2_GTGTGATGTCGAGATG,Olfr1359,Olfr1193
258,V3F2_ACTTTGTTCGTCCTCA,Olfr1239,Olfr984
259,V3F2_TGTCCTGGTGACACAG,Olfr820,Olfr984
260,V3F2_CGGGTGTTCGCCTCTA,Olfr60,Olfr1013
261,V3F2_CCACACTGTCGACTGC,Olfr1440,Olfr67
262,V3F2_GGTAATCCACAAGCCC,Olfr139,Olfr67
263,V3F2_TCACATTGTGGTACAG,Olfr1406,Olfr1039
264,V3F2_GTCATGAAGCCTTTCC,Olfr330,Olfr67
265,V3F2_ATCGTGAGTCGTACTA,Olfr1097,Olfr1193
266,V3F2_ACCAACAGTCCTCAGG,Olfr186,Olfr67
267,V3F2_ATCAGGTTCACACCGG,Olfr1324,Olfr1346
268,V3F2_GGCAGTCGTTTACCAG,Olfr718-ps1,Olfr1271
269,V3F2_ATCCCTGGTCTGGTTA,Olfr535,Olfr205
270,V3F2_GATTCGAGTTGCCGAC,Olfr12,Olfr12
271,V3F2_GGGACCTAGAAGGCTC,Olfr332,Olfr984
272,V3F2_CAGATCACAAGAGGCT,Olfr5,Olfr2
273,V3F2_ACTTTGTGTATGCGGA,Olfr1048,Olfr1048
274,V3F2_CAGATTGAGAGACAAG,Olfr414,Olfr67
275,V3F2_CCTTGTGCACCCTAGG,Olfr1384,Olfr1193
276,V3F2_GCCTGTTTCAGACCCG,Olfr477,Olfr1423
277,V3F2_CAGCAGCCAATGCTCA,Olfr726,Olfr1346
278,V3F2_TACCGGGCAACGGGTA,Olfr827,Olfr827
279,V3F2_AGACCATGTTGTATGC,Olfr706,Olfr180
280,V3F2_TGTTACTGTTGATGTC,Olfr15,Olfr1013
281,V3F2_AGGACGAAGGCGTTAG,Olfr1425,Olfr984
282,V3F2_AAGCGTTTCGCGGACT,Olfr212,Olfr1238
283,V3F2_CCGCAAGAGACCAAAT,Olfr533,Olfr67
284,V3F2_TTTCACAAGGGTAATT,Olfr742,Olfr1013
285,V3F2_ATCGATGGTGGAGAAA,Olfr1099,Olfr1247
286,V3F2_CTACAGACATGCCGCA,Olfr183,Olfr175
287,V3F2_CATTCATAGCGCATCC,Olfr140,Olfr140
288,V3F2_ATCTCTAAGTACGAGC,Olfr535,Olfr1346
289,V3F2_GGGCTCACACTTTAGG,Olfr1211,Olfr984
290,V3F2_TTAGTCTTCTCGGCTT,Olfr222,Olfr1307
291,V3F2_TCTAACTCAAGTTGGG,Olfr392,Olfr1196
292,V3F2_CTCCTCCTCGTAATGC,Olfr166,Olfr1386
293,V3F2_GATTCTTAGGGCGAGA,Olfr472,Olfr67
294,V3F2_ATCACAGGTAAGGCCA,Olfr571,Olfr731
295,V3F2_AGCGCTGAGACTCTTG,Olfr1302,Olfr1302
296,V3F2_ATCGGATTCATCTACT,Olfr655,Olfr67
297,V3F2_AAGGAATAGGTGCAGT,Olfr55,Olfr984
298,V3F2_ATCCATTTCACGTAGT,Olfr535,Olfr67
299,V3F2_ATCATTCGTTGTCTAG,Olfr166,Olfr56
300,V3F2_TTGAGTGGTGCAAGAC,Olfr140,Olfr138
301,V3F2_TACCCGTAGTGACACG,Olfr1414,Olfr220
302,V3F2_CATACTTCACTGTTCC,Olfr728,Olfr1196
303,V3F2_CATCAAGTCAAGAAAC,Olfr1353,Olfr205
304,V3F2_TCAGTGATCTAGCCTC,Olfr806,Olfr1307
305,V3F2_ATTCACTCACTTCAAG,Olfr1195,Olfr1013
306,V3F2_GAACACTTCATTGCCC,Olfr571,Olfr571
307,V3F2_CTGTACCAGCACGTCC,Olfr722,Olfr731
308,V3F2_CCGGTAGAGCTGCCTG,Olfr1349,Olfr1307
309,V3F2_GACCCTTCAACACGTT,Olfr181,Olfr1193
310,V3F2_CGTGCTTTCCCTCTTT,Olfr536,Olfr67
311,V3F2_AGGTTACCAATACCCA,Olfr699,Olfr984
312,V3F2_ATCACGAGTCCAGAAG,Olfr711,Olfr1349
313,V3F2_CATGCGGAGCTGTTAC,Olfr984,Olfr775
314,V3F2_TAACTTCGTCATAGTC,Olfr140,Olfr1307
315,V3F2_TCGGGTGCACTGGCCA,Olfr859,Olfr1046
316,V3F2_CAGCACGAGCCAAGGT,Olfr314,Olfr314
317,V3F2_ACTATGGCAGAAACCG,Olfr1511,Olfr488
318,V3F2_TGATCTTTCTCGTCAC,Olfr13,Olfr598
319,V3F2_TCTTAGTAGAAACCAT,Olfr15,Olfr1307
320,V3F2_GACTGATGTTGGACTT,Olfr448,Olfr1030
321,V3F2_CTGGACGGTCTTCCGT,Olfr1384,Olfr67
322,V3F2_CACAACATCTCTGACC,Olfr1225,Olfr1193
323,V3F2_TTGCCTGTCCGTTTCG,Olfr398,Olfr205
324,V3F2_CATAAGCGTGCCTACG,Olfr53,Olfr1301
325,V3F2_TGGTGATTCGTCGCTT,Olfr1348,Olfr205
326,V3F2_GAAGAATGTCAGGTAG,Olfr1318,Olfr1318
327,V3F2_TGCTGAAAGCCTTTGA,Olfr12,Olfr775
328,V3F2_TACAGGTAGCCAAGGT,Olfr726,Olfr1346
329,V3F2_TATCGCCAGACCTGGA,Olfr1222,Olfr1330
330,V3F2_CCCAACTTCTTACGTT,Olfr110,Olfr67
331,V3F2_AGATCGTAGCTTTCTT,Olfr140,Olfr67
332,V3F2_TAGATCGCAGGCCCTA,Olfr653,Olfr1423
333,V3F2_ATGGATCGTAGATCGG,Olfr1392,Olfr984
334,V3F2_GAATCACGTTAAGGAT,Olfr224,Olfr279
335,V3F2_GTCTTTACAGTCCGTG,Olfr187,Olfr56
336,V3F2_CTAACTTGTAGTACGG,Olfr1199,Olfr1199
337,V3F2_GTCATCCCAACGAGGT,Olfr1006,Olfr220
338,V3F2_GGTGATTAGGTATCTC,Olfr1196,Olfr1196
339,V3F2_ACACAGTAGGTTGACG,Olfr1112,Olfr984
340,V3F2_ACTATCTTCGTGCTCT,Olfr175,Olfr67
341,V3F2_CCACCATTCGTCTAAG,Olfr1324,Olfr1324
342,V3F2_TTCCTAACAACTGGTT,Olfr536,Olfr205
343,V3F2_GGTCACGTCATCACCC,Olfr414,Olfr731
344,V3F2_TACCCACTCTGGAGAG,Olfr727,Olfr67
345,V3F2_GGGACTCGTGGGTTGA,Olfr332,Olfr3
346,V3F2_TCTCCGAAGATGAAGG,Olfr1426,Olfr775
347,V3F2_GGAATCTAGGTTGACG,Olfr132,Olfr132
348,V3F2_AAGATAGAGTCTGTAC,Olfr1200,Olfr67
349,V3F2_TCATATCCAACTCGTA,Olfr635,Olfr1339
350,V3F2_CTCCATGAGAGTGAAG,Olfr1428,Olfr775
351,V3F2_ATCCGTCTCTGATTCT,Olfr1229,Olfr1307
352,V3F2_ATCACAGTCATCTACT,Olfr726,Olfr1193
353,V3F2_CTGATCCCACGAGGAT,Olfr1301,Olfr1013
354,V3F2_CAACCAATCGACATCA,Olfr1110,Olfr205
355,V3F2_CCTCATGTCGTGTGGC,Olfr124,Olfr1193
356,V3F2_TTCCAATTCAACTACG,Olfr1348,Olfr1336
357,V3F2_TGCAGATAGTGTTCAC,Olfr205,Olfr1353
358,V3F2_ATCGCCTGTTCAGGTT,Olfr171,Olfr60
359,V3F2_AGGGAGTAGCTGGAGT,Olfr1364,Olfr2
360,V3F2_ACTATTCCAAAGGCAC,Olfr1336,Olfr1107
361,V3F2_GCACGGTCAAACTAAG,Olfr1193,Olfr1262
362,V3F2_ACACGCGAGCTAAGTA,Olfr1291-ps1,Olfr522
363,V3F2_TATCGCCTCGGTGTTA,Olfr15,Olfr1381
364,V3F2_CATGCAAAGCTGACAG,Olfr536,Olfr1013
365,V3F2_TGGGCGTGTCGTTATG,Olfr390,Olfr943
366,V3F2_TTGAGTGCAATACGAA,Olfr117,Olfr1193
367,V3F2_CGAATTGCAATCGTCA,Olfr90,Olfr1303
368,V3F2_GTGAGCCCACATGGTT,Olfr1226,Olfr394
369,V3F2_TACATTCCAGGCCCTA,Olfr1286,Olfr731
370,V3F2_TCCTCTTGTTCTCGTC,Olfr195,Olfr1346
371,V3F2_AGCCAGCTCAGCGCGT,Olfr1262,Olfr1013
372,V3F2_CTGTATTTCGCGTTTC,Olfr390,Olfr392
373,V3F2_AGACCCGTCAGCCCAG,Olfr1507,Olfr1507
374,V3F2_TTTACTGCAGACCGCT,Olfr169,Olfr357
375,V3F2_GCACGTGGTCAAGCCC,Olfr12,Olfr1193
376,V3F2_TCCGAAAAGCCGATTT,Olfr1297,Olfr1297
377,V3F2_ACTTCGCGTAGCGAGT,Olfr533,Olfr67
378,V3F2_TATACCTTCCCTCGTA,Olfr1380,Olfr1380
379,V3F2_CCTCAACCAGGAACCA,Olfr789,Olfr1307
380,V3F2_GTAGATCTCTGACAGT,Olfr124,Olfr731
381,V3F2_GTTCGCTCACACCTTC,Olfr1295,Olfr1013
382,V3F2_GCTTCACGTCTCGCGA,Olfr61,Olfr1346
383,V3F2_AGCTCAAGTTTATGCG,Olfr1294,Olfr56
384,V3F2_GTTCGCTTCTGTAACG,Olfr1336,Olfr67
385,V3F2_TTGTTCATCTCTAAGG,Olfr376,Olfr958
386,V3F2_CTCAATTGTCACTAGT,Olfr190,Olfr1263
387,V3F2_TAGGGTTAGACATACA,Olfr329,Olfr1193
388,V3F2_TCTATCAGTAACTAAG,Olfr250,Olfr1043
389,V3F2_CCTTTGGAGTTGTAGA,Olfr195,Olfr1346
390,V3F2_AAGTTCGTCTTGTGCC,Olfr32,Olfr67
391,V3F2_CCCTGATAGCCAGTAG,Olfr1382,Olfr1193
392,V3F2_CACTGTCAGGGTTAGC,Olfr1217,Olfr132
393,V3F2_AGGATCTTCCTAAGTG,Olfr191,Olfr1484
394,V3F2_CCATCACAGGACAGTC,Olfr12,Olfr984
395,V3F2_TTCCACGCATTCTGTT,Olfr1213,Olfr523
396,V3F2_AACGTCACAGGTGTGA,Olfr1382,Olfr1336
397,V3F2_AGGTCATGTCCTGTTC,Olfr46,Olfr56
398,V3F2_GGGTTATGTCCAGCAC,Olfr1509,Olfr1508
399,V3F2_CTACCCATCGGCTGGT,Olfr314,Olfr984
400,V3F2_AGTACCACAAACGTGG,Olfr741,Olfr1346
401,V3F2_TGGAACTTCTAGCAAC,Olfr180,Olfr1353
402,V3F2_ACCGTTCGTAACAGGC,Olfr1491,Olfr523
403,V3F2_CAAGCTATCCTCACGT,Olfr61,Olfr1193
404,V3F2_CATGGTAGTTCGCGTG,Olfr1252,Olfr1307
405,V3F2_GTCCTCACATCGTGGC,Olfr1262,Olfr731
406,V3F2_AGTGTTGTCCAGCTCT,Olfr726,Olfr531
407,V3F2_GCTTTCGCAACTAGAA,Olfr839-ps1,Olfr1271
408,V3F2_CCATAAGAGTGGTTGG,Olfr1183,Olfr984
409,V3F2_GTTGCTCAGGTTGTTC,Olfr1336,Olfr67
410,V3F2_TGAGACTTCTAAGAAG,Olfr609,Olfr669
411,V3F2_TATGTTCAGCCTTTGA,Olfr220,Olfr1259
412,V3F2_AGCGATTCAACTCCCT,Olfr166,Olfr1013
413,V3F2_GTCACTCTCTCCATAT,Olfr1112,Olfr523
414,V3F2_AGCGTCGTCTTAGTTC,Olfr390,Olfr390
415,V3F2_TTGGGTATCAAATAGG,Olfr731,Olfr731
416,V3F2_TACAACGAGAGCTGCA,Olfr771,Olfr771
417,V3F2_CATGGTAGTGCTCCGA,Olfr741,Olfr204
418,V3F2_AACGGGATCTAGTGAC,Olfr491,Olfr1193
419,V3F2_CCCGGAAGTTCTCGTC,Olfr1105,Olfr1259
420,V3F2_TGATGCAGTGAATGAT,Olfr1347,Olfr1336
421,V3F2_GTCCCATCAATCCAGT,Olfr140,Olfr67
422,V3F2_TGCAGATGTCCCGCAA,Olfr1123,Olfr1354
423,V3F2_ACAGCCGAGGTAGTAT,Olfr1508,Olfr1346
424,V3F2_TTTACTGAGTGAATAC,Olfr726,Olfr726
425,V3F2_TACGGTATCTTCCTAA,Olfr1213,Olfr1309
426,V3F2_GTCGTTCGTGCCCAGT,Olfr541,Olfr1193
427,V3F2_GGTAACTAGTTGTCGT,Olfr727,Olfr731
428,V3F2_TATCTTGTCACCCATC,Olfr1028,Olfr731
429,V3F2_CACAGATTCGAAATCC,Olfr15,Olfr15
430,V3F2_AGCGCCATCCGCTTAC,Olfr836,Olfr538
431,V3F2_CTCTCAGAGGGAGAAT,Olfr741,Olfr1346
432,V3F2_TGGGCTGGTGCGGTAA,Olfr742,Olfr731
433,V3F2_AGTACTGCACGCCAGT,Olfr1348,Olfr1336
434,V3F2_TCCTCCCTCATTGGTG,Olfr1110,Olfr1297
435,V3F2_TTACTGTTCATGCATG,Olfr821,Olfr360
436,V3F2_AGGGCTCGTGAGTAAT,Olfr390,Olfr67
437,V3F2_CGAATTGTCCCTCGAT,Olfr291,Olfr205
438,V3F2_GACTCAATCTCCCTAG,Olfr550,Olfr67
439,V3F2_GAAGTAACACAACGAG,Olfr169,Olfr1193
440,V3F2_GACTCAAAGAAATGGG,Olfr472,Olfr67
441,V3F2_GTTACCCTCAGCATTG,Olfr1250,Olfr1116
442,V3F2_AACAAGAGTGAGTAAT,Olfr1384,Olfr943
443,V3F2_CAACGGCGTTAGGGAC,Olfr859,Olfr859
444,V3F2_CTAACCCAGGTTCCGC,Olfr107,Olfr523
445,V3F2_TCACACCGTGGCTGAA,Olfr1295,Olfr220
446,V3F2_AGCTCAAGTAGGCTCC,Olfr1213,Olfr764-ps1
447,V3F2_CGAGTTACACAGCTTA,Olfr125,Olfr1196
448,V3F2_GCCGTGATCATGCCGG,Olfr330,Olfr601
449,V3F2_CCATAAGCACTAACCA,Olfr1383,Olfr1196
450,V3F2_AAACCCACAGCTTTGA,Olfr8,Olfr731
451,V3F2_CGAGTTATCGTTCATT,Olfr1342,Olfr220
452,V3F2_ATCACAGCAAATTGCC,Olfr123,Olfr2
453,V3F2_GGGATCCAGACGTCCC,Olfr140,Olfr1193
454,V3F2_GTTCCGTGTCGATGCC,Olfr1395,Olfr1307
455,V3F2_GAGTCTAAGAAGTATC,Olfr1381,Olfr1336
456,V3F2_CACTAAGAGCGTCTGC,Olfr818,Olfr360
457,V3F2_CACAGGCTCAGAGCAG,Olfr193,Olfr1193
458,V3F2_AGATCCAGTAGTCGGA,Olfr1196,Olfr1307
459,V3F2_GAGCCTGAGATGCCGA,Olfr741,Olfr56
460,V3F3_ACGGAAGGTTAATGAG,Olfr1251,Olfr417
461,V3F3_GTGCACGAGCAAACAT,Olfr465-ps1,Olfr601
462,V3F3_TGGATCATCGAGCCTG,Olfr771,Olfr1312
463,V3F3_CTAGACAGTAGTGTGG,Olfr1271,Olfr1307
464,V3F3_TGGTTAGAGGACTATA,Olfr125,Olfr523
465,V3F3_TGTTGGAGTGTGATGG,Olfr1014,Olfr67
466,V3F3_TACGTCCCATAATGAG,Olfr1346,Olfr67
467,V3F3_CTTCTAAAGAGATGCC,Olfr728,Olfr1196
468,V3F3_CGAAGGACAACTAGAA,Olfr1384,Olfr1184
469,V3F3_AGCTTCCCACCTGATA,Olfr1301,Olfr67
470,V3F3_CTTTCAAGTCAGCTTA,Olfr805,Olfr1318
471,V3F3_ACTTATCAGTCCTGCG,Olfr1251,Olfr1303
472,V3F3_TTCACGCAGCATTTCG,Olfr325,Olfr1116
473,V3F3_TCCTCGATCTAAGCCA,Olfr622,Olfr769
474,V3F3_GGTAACTAGACTCAAA,Olfr1508,Olfr1508
475,V3F3_ATGTCCCCAGGAACCA,Olfr1564,Olfr1193
476,V3F3_AGTAGTCCACTTGTCC,Olfr1217,Olfr205
477,V3F3_GAAGCGACAGAAGTTA,Olfr1193,Olfr731
478,V3F3_AAGCCATAGCATGCGA,Olfr729,Olfr693
479,V3F3_TTCCAATGTGTTATCG,Olfr2,Olfr2
480,V3F3_TATCTTGAGTATTGCC,Olfr1057,Olfr522
481,V3F3_TCGCTTGAGATTTGCC,Olfr720,Olfr2
482,V3F3_CTGTGAAGTTCAAAGA,Olfr360,Olfr360
483,V3F3_TTTACCAAGGCATGCA,Olfr15,Olfr1307
484,V3F3_TGGTACAAGTGGTTAA,Olfr1323,Olfr1193
485,V3F3_GATTGGTGTAGGTGCA,Olfr455,Olfr1193
486,V3F3_GTCTCACAGCACTCCG,Olfr286,Olfr1116
487,V3F3_CAGATACAGAAACTGT,Olfr2,Olfr67
488,V3F3_CTACAGAAGCCAAGGT,Olfr1297,Olfr370
489,V3F3_GTCACGGTCTATTTCG,Olfr330,Olfr601
490,V3F3_CGAAGTTGTGGATTTC,Olfr291,Olfr67
491,V3F3_ACTTTGTAGCCTCTCT,Olfr727,Olfr1346
492,V3F3_CCCTGATGTCGAAGCA,Olfr121,Olfr794
493,V3F3_ATCGTCCTCACGGACC,Olfr455,Olfr455
494,V3F3_TCGAAGTGTCCTGGTG,Olfr1037,Olfr67
495,V3F3_AAGTACCAGGGTTTCT,Olfr1015,Olfr67
496,V3F3_CCTCATGCACAGCTTA,Olfr57,Olfr1013
497,V3F3_ATGCCTCGTCCGAAAG,Olfr536,Olfr1353
498,V3F3_GGTGGCTCAGAGTTGG,Olfr370,Olfr2
499,V3F3_TCAATCTTCATCGACA,Olfr726,Olfr726
500,V3F3_AGATCCAGTTTAGAGA,Olfr1195,Olfr1353
501,V3F3_ATCCCTGTCGTTCAGA,Olfr1229,Olfr731
502,V3F3_CTGCGAGAGTATCTGC,Olfr1564,Olfr67
503,V3F3_GAGTTACAGGTGGGTT,Olfr1100,Olfr1196
504,V3F3_TACGCTCGTATTCTCT,Olfr1261,Olfr180
505,V3F3_GGGAGTACAGTAGATA,Olfr417,Olfr731
506,V3F3_CGTGAATTCAGCATTG,Olfr726,Olfr1263
507,V3F3_TGAGGTTTCCGGCTTT,Olfr777,Olfr1307
508,V3F3_CACTTCGCAAGATTGA,Olfr1408,Olfr523
509,V3F3_CCTAACCAGTATGGAT,Olfr1347,Olfr1347
510,V3F3_CGGAACCCATGACAGG,Olfr1129,Olfr1353
511,V3F3_GACTATGAGTCACTCA,Olfr17,Olfr731
512,V3F3_GAACTGTTCGAGTCTA,Olfr1508,Olfr220
513,V3F3_GATCCCTCAATCCTAG,Olfr1226,Olfr67
514,V3F3_TCGATTTTCAGACCGC,Olfr524,Olfr15
515,V3F3_CCAATGAGTATACGGG,Olfr1311,Olfr523
516,V3F3_TCATATCGTGATAGTA,Olfr524,Olfr56
517,V3F3_GAAGGGTCACACTTAG,Olfr1463,Olfr1013
518,V3F3_TCTGTCGAGTGCCTCG,Olfr533,Olfr110
519,V3F3_CTAACCCCAATCGCGC,Olfr913,Olfr984
520,V3F3_CTCACTGAGGGTTGCA,Olfr325,Olfr325
521,V3F3_TCGCAGGTCGAGTGAG,Olfr1348,Olfr1348
522,V3F3_CGAGGCTTCATTTGGG,Olfr190,Olfr731
523,V3F3_TTCGATTCAAGGACAC,Olfr1213,Olfr731
524,V3F3_GACGCTGCACGACAGA,Olfr1262,Olfr1193
525,V3F3_TAGGGTTGTATACCCA,Olfr1162,Olfr394
526,V3F3_GGAATGGTCCGATCTC,Olfr536,Olfr67
527,V3F3_AAAGTGATCGTCAGAT,Olfr1178,Olfr67
528,V3F3_GTCCCATGTCGCGTTG,Olfr390,Olfr1442
529,V3F3_GATTGGTAGGTCACTT,Olfr324,Olfr523
530,V3F3_GCTTGGGTCAGTCCGG,Olfr171,Olfr1013
531,V3F3_ACGCACGTCGCCATAA,Olfr1326-ps1,Olfr1423
532,V3F3_ATCGGATTCTACTGAG,Olfr150,Olfr1107
533,V3F3_GCTTTCGTCAGTGTTG,Olfr1416,Olfr56
534,V3F3_CCAATGAAGACGGATC,Olfr1228,Olfr1228
535,V3F3_GAAGGGTTCACCTCAC,Olfr788,Olfr1307
536,V3F3_CTGTGAATCTCTCGAC,Olfr139,Olfr731
537,V3F3_GACCCAGTCAAACCTG,Olfr806,Olfr731
538,V3F3_TACACCCCAATCTAGC,Olfr1184,Olfr1193
539,V3F3_AGTTCGATCGACCTAA,Olfr777,Olfr1196
540,V3F3_TAGACTGCACAGTACT,Olfr1257,Olfr1013
541,V3F3_CCCATTGAGCAAGCCA,Olfr1564,Olfr731
542,V3F3_AAACGCTAGTCGTTAC,Olfr391,Olfr67
543,V3F3_TCTTAGTGTCTCGGAC,Olfr1284,Olfr1196
544,V3F3_GATGTTGCAACCTAAC,Olfr1463,Olfr1013
545,V3F3_GCATCTCTCGAGAAGC,Olfr1348,Olfr1348
546,V3F3_ACTGATGAGCACAAAT,Olfr315,Olfr731
547,V3F3_GTCGAATGTCTTTATC,Olfr71,Olfr1307
548,V3F3_GTGAGCCCAAATACGA,Olfr1261,Olfr693
549,V3F3_GGTAATCCAAGGCCTC,Olfr1347,Olfr67
550,V3F3_AGGTTACAGAGTCAAT,Olfr731,Olfr984
551,V3F3_ATCGTGAGTTTGACAC,Olfr1301,Olfr532
552,V3F3_AACGTCATCTCACTCG,Olfr1283,Olfr2
553,V3F3_CTGCATCGTTGTATGC,Olfr1263,Olfr1183
554,V3F3_AACCCAAGTGGATCGA,Olfr1193,Olfr538
555,V3F3_TCAAGCATCCTCATAT,Olfr743,Olfr220
556,V3F3_TCAGTGACAGGTATGG,Olfr1280,Olfr67
557,V3F3_CTTGAGAAGCATCAAA,Olfr1348,Olfr2
558,V3F3_AGCGCTGTCCTTTAGT,Olfr459,Olfr1196
559,V3F3_CGTGATACAGTGGCTC,Olfr1280,Olfr1508
560,V3F3_AGTAGTCTCACTCTTA,Olfr1226,Olfr984
561,V3F3_GTAGGTTTCAAAGACA,Olfr723,Olfr132
562,V3F3_CCTACGTAGTCACGCC,Olfr330,Olfr330
563,V3F3_CCACAAACAACTGATC,Olfr1042,Olfr522
564,V3F3_AGTCTCCTCAAGCCCG,Olfr166,Olfr56
565,V3F3_TAGACCAGTAGGCTGA,Olfr1195,Olfr1346
566,V3F3_TATCTTGTCCGAGAAG,Olfr701,Olfr96
567,V3F3_GGGTTATAGTTTCGGT,Olfr731,Olfr731
568,V3F3_ACACGCGTCAGTGTGT,Olfr455,Olfr523
569,V3F3_TCAGTCCGTCGCTGCA,Olfr1415,Olfr1416
570,V3F3_ACTCCCAGTCGCATCG,Olfr1428,Olfr1184
571,V3F3_TCAAGCAAGATGCTAA,Olfr705,Olfr1046
572,V3F3_GTGGCGTGTGGTTCTA,Olfr1299,Olfr56
573,V3F3_GGGTGAATCGCGCCAA,Olfr586,Olfr1346
574,V3F3_CTGAATGTCAGTCATG,Olfr1320,Olfr601
575,V3F3_CTCAGGGCAGTTTGGT,Olfr741,Olfr56
576,V3F3_ACCCAAACAGACACCC,Olfr1423,Olfr67
577,V3F3_CAGGTATGTCTCTCAC,Olfr536,Olfr536
578,V3F3_ATTTCACTCTTCGTGC,Olfr390,Olfr67
579,V3F3_TCAGTGAAGTCTAGCT,Olfr1251,Olfr1251
580,V3F3_CTAGGTAAGACTCAAA,Olfr1124,Olfr1124
581,V3F3_AACACACGTTTATGCG,Olfr787,Olfr786
582,V3F3_CACTGGGTCTAGATCG,Olfr536,Olfr1508
583,V3F3_GGGAGATAGAATTCAG,Olfr190,Olfr984
584,V3F3_TCGAAGTAGTCATACC,Olfr1463,Olfr531
585,V3F3_GTCTGTCAGCTAGAGC,Olfr1443,Olfr67
586,V3F3_AGCTACAAGTTACGTC,Olfr1182,Olfr1201
587,V3F3_CGTGATAAGACCCTTA,Olfr1200,Olfr731
588,V3F3_GTGCTGGGTCCAGGTC,Olfr569,Olfr591
589,V3F3_AGGCCACCAAGTATCC,Olfr742,Olfr731
590,V3F3_CACTTCGAGAATAACC,Olfr1347,Olfr1347
591,V3F3_CTACATTTCGCAGTCG,Olfr727,Olfr727
592,V3F3_TGTGTGAAGGTGCGAT,Olfr1277,Olfr325
593,V3F3_AACAGGGAGCATTGTC,Olfr1336,Olfr376
594,V3F3_CGTGCTTAGTGAGTGC,Olfr887,Olfr67
595,V3F3_CTACAGAGTCAAGCGA,Olfr714,Olfr1307
596,V3F3_ATCCATTAGCGATCGA,Olfr1243,Olfr1380
597,V3F3_GATCCCTAGTCACAGG,Olfr1264,Olfr1307
598,V3F3_GTACAGTTCCCAAGCG,Olfr770,Olfr601
599,V3F3_TGCATCCGTCGACTGC,Olfr1406,Olfr679
600,V3F3_AGGAAATCAGCAGTTT,Olfr1348,Olfr1193
601,V3F3_GTAGATCCAAAGTATG,Olfr1116,Olfr1307
602,V3F3_AGCATCACAACTTGCA,Olfr1491,Olfr731
603,V3F3_TGCATGAAGAGGCGGA,Olfr1305,Olfr1440
604,V3F3_GACCCAGTCGTTATCT,Olfr195,Olfr195
605,V3F3_GTCTTTAAGCTGTACT,Olfr1240,Olfr138
606,V3F3_TCCTTCTAGGATTCCT,Olfr220,Olfr67
607,V3F3_ACAACCACACAGCCAC,Olfr731,Olfr1307
608,V3F3_TCCATGCTCGTCAAAC,Olfr1140,Olfr418
609,V3F3_GGTCACGTCTAAGCGT,Olfr17,Olfr984
610,V3F3_CCTATCGTCCATCCGT,Olfr1288,Olfr2
611,V3F3_ATGCCTCCACCCTAAA,Olfr541,Olfr731
612,V3F3_CTGATCCCATGGCCAC,Olfr741,Olfr67
613,V3F3_GGGAGTAAGCCTGGAA,Olfr166,Olfr166
614,V3F3_CTCAGGGTCTCAGGCG,Olfr1226,Olfr731
615,V3F3_AAGTTCGTCCTCAGGG,Olfr291,Olfr1384
616,V3F3_GCCTGTTAGAGCAGTC,Olfr1323,Olfr1201
617,V3F3_TCGGGCATCGCTTAAG,Olfr769,Olfr777
618,V3F3_AACAAAGTCTCGGTAA,Olfr1347,Olfr1347
619,V3F3_CGAGTGCGTGTGTACT,Olfr1532-ps1,Olfr113
620,V3F3_TCACTATAGTCGAAAT,Olfr1412,Olfr1303
621,V3F3_CCTCAACTCAGACCTA,Olfr1193,Olfr1307
622,V3F3_CGCAGGTGTTGCTCGG,Olfr723,Olfr93
623,V3F3_AACAGGGCATCGGTTA,Olfr1213,Olfr769
624,V3F3_AGTCTCCCACCCTGTT,Olfr190,Olfr1336
625,V3F3_GCATCGGGTGTCCCTT,Olfr1320,Olfr868
626,V3F3_GTTACCCGTAGAATAC,Olfr1042,Olfr1039
627,V3F3_TGTACAGCAACTTCTT,Olfr295,Olfr1201
628,V3F3_ATCACAGCATGGGTCC,Olfr1043,Olfr1043
629,V3F3_CAGCAATTCCTGGCTT,Olfr329,Olfr67
630,V3F3_TTTGGAGGTGGGAGAG,Olfr1321,Olfr1214
631,V3F3_GCCAGTGAGACTTCGT,Olfr1291-ps1,Olfr1297
632,V3F3_AACAAAGGTTGATCGT,Olfr1093,Olfr175
633,V3F3_AACCATGGTTAAAGTG,Olfr591,Olfr550
634,V3F3_AGGTAGGCAAGACGGT,Olfr1098,Olfr601
635,V3F3_TGGGAGATCAGCTGAT,Olfr729,Olfr775
636,V3F3_ACACCAATCTCCCAAC,Olfr1229,Olfr731
637,V3F3_AGAACCTCAGTAACAA,Olfr552,Olfr582
638,V3F3_CACGGGTTCGTAGCCG,Olfr329,Olfr329
639,V3F3_TGGTACAAGTGTTCAC,Olfr533,Olfr205
640,V3F3_CACTAAGGTTTGGAAA,Olfr541,Olfr1353
641,V3F3_AAGACAACACTACCGG,Olfr1509,Olfr731
642,V3F3_GATTCGAGTGTAGTGG,Olfr801,Olfr1196
643,V3F3_CCTCCAAAGAATAGTC,Olfr1193,Olfr731
644,V3M1_CCTGTTGCAGTTGTTG,Olfr722,Olfr67
645,V3M1_TCTGCCATCAGTCACA,Olfr1507,Olfr1507
646,V3M1_TGGTGATTCAGCTGAT,Olfr669,Olfr553
647,V3M1_GACGTTACACGTCATA,Olfr1232,Olfr1443
648,V3M1_TCTACATTCATCCTGC,Olfr731,Olfr1307
649,V3M1_CATGCTCTCAGTGGGA,Olfr116,Olfr67
650,V3M1_ATTACTCAGATGACCG,Olfr8,Olfr1214
651,V3M1_CTCAATTAGTCCCGGT,Olfr469,Olfr984
652,V3M1_TGCACGGCACCAGCCA,Olfr1260,Olfr1423
653,V3M1_TCAAGCAGTACAGTAA,Olfr481,Olfr350
654,V3M1_CAGAGCCGTGCCTACG,Olfr541,Olfr1336
655,V3M1_ATACTTCAGCGCCTCA,Olfr1226,Olfr1228
656,V3M1_CCACAAATCTAGATCG,Olfr1411,Olfr1286
657,V3M1_GTAGATCCACACCAGC,Olfr1368,Olfr775
658,V3M1_CCTCCTCGTAAGAACT,Olfr729,Olfr1346
659,V3M1_GGTTAACCATGGAGAC,Olfr1348,Olfr541
660,V3M1_CACGAATCAGATCCAT,Olfr1301,Olfr1301
661,V3M1_GAGCCTGGTGCAATGG,Olfr799,Olfr1303
662,V3M1_AAACGAATCTTGAGCA,Olfr1192-ps1,Olfr1201
663,V3M1_AGGTAGGTCCGGTAAT,Olfr523,Olfr1100
664,V3M1_TGCTTCGCAACGATTC,Olfr455,Olfr67
665,V3M1_CATACCCAGGGTATAT,Olfr191,Olfr205
666,V3M1_TGCTGAATCTTCCCAG,Olfr1037,Olfr67
667,V3M1_GAGACCCAGGAACATT,Olfr1412,Olfr67
668,V3M1_CCGATGGCACTAGAGG,Olfr726,Olfr1336
669,V3M1_ATGGGTTCACTTTATC,Olfr1384,Olfr943
670,V3M1_TCTCCGAGTATGATCC,Olfr728,Olfr1322
671,V3M1_TGCAGTAGTTGTACGT,Olfr2,Olfr2
672,V3M1_TCGACCTGTTGGAGGT,Olfr538,Olfr731
673,V3M1_AATCACGCAAAGTGTA,Olfr769,Olfr769
674,V3M1_TTGTGTTTCCGGTTCT,Olfr55,Olfr1252
675,V3M1_GGATCTATCAGCTGTA,Olfr52,Olfr67
676,V3M1_CTCCAACAGAAGTCCG,Olfr1348,Olfr1349
677,V3M1_TGGTACAAGTTAGTAG,Olfr1348,Olfr1348
678,V3M1_TGAATCGGTTGCTGAT,Olfr704,Olfr1116
679,V3M1_GAGGCCTGTAAGCTCT,Olfr6,Olfr138
680,V3M1_TGCTGAATCTGAGTCA,Olfr868,Olfr943
681,V3M1_TACACCCTCATTTACC,Olfr1362,Olfr67
682,V3M1_TAGACCAAGTATAGGT,Olfr2,Olfr1443
683,V3M1_TGCATGAGTCGAGCAA,Olfr71,Olfr1271
684,V3M1_TCGGATAGTACCTGTA,Olfr1428,Olfr1193
685,V3M1_TCTACATTCTGCATAG,Olfr1416,Olfr67
686,V3M1_AATGAAGGTGGCAGAT,Olfr1416,Olfr1336
687,V3M1_AGCGATTCATGGGAAC,Olfr769,Olfr1440
688,V3M1_TTGGATGGTAGTCGGA,Olfr1025-ps1,Olfr1339
689,V3M1_CCGTAGGCATTCCTAT,Olfr131,Olfr3
690,V3M1_CTGTATTCAACAGAGC,Olfr776,Olfr1307
691,V3M1_CTCATTATCTTGGCTC,Olfr1484,Olfr1386
692,V3M1_TGTTTGTTCTTTGGAG,Olfr1507,Olfr1346
693,V3M1_ACTCTCGTCAATCTCT,Olfr281,Olfr281
694,V3M1_TACCTCGAGACGCATG,Olfr110,Olfr67
695,V3M1_GCAACCGAGAGTCTTC,Olfr1199,Olfr67
696,V3M1_TCCACGTCAAGGCTTT,Olfr119,Olfr123
697,V3M1_CCAAGCGCATCGAGCC,Olfr711,Olfr67
698,V3M1_GATTTCTCAAGTGGAC,Olfr117,Olfr1193
699,V3M1_TCATGGAAGGCTGTAG,Olfr1213,Olfr67
700,V3M1_GAGACTTCAAATACAG,Olfr884,Olfr1039
701,V3M1_CTCTCAGTCATCGCCT,Olfr1056,Olfr1026
702,V3M1_GAGACTTCAAAGCACG,Olfr1380,Olfr1491
703,V3M1_CACTAAGCACATCATG,Olfr70,Olfr1307
704,V3M1_GACCCAGGTAAGACCG,Olfr1112,Olfr1423
705,V3M1_CCTCCTCTCACCGGTG,Olfr741,Olfr67
706,V3M1_CAACAGTGTGAACGGT,Olfr457,Olfr273
707,V3M1_TCCGAAAAGACGGTTG,Olfr455,Olfr67
708,V3M1_CACCAAAAGTGAACAT,Olfr1193,Olfr1193
709,V3M1_CTGTAGACATGTTACG,Olfr961,Olfr1214
710,V3M1_GCCTGTTGTACGCGTC,Olfr1044,Olfr67
711,V3M1_AGACAGGAGCCGATCC,Olfr1322,Olfr601
712,V3M1_AAGACAATCTGCGGAC,Olfr113,Olfr1124
713,V3M1_AACCATGAGGTAGATT,Olfr721-ps1,Olfr984
714,V3M1_TCAAGACGTGTCATCA,Olfr116,Olfr943
715,V3M1_GTAATGCGTCGTACAT,Olfr1112,Olfr984
716,V3M1_CTGCATCTCGTTCTAT,Olfr741,Olfr741
717,V3M1_AAAGGGCAGCACCTGC,Olfr1216,Olfr2
718,V3M1_TAGGAGGGTCGCCTAG,Olfr273,Olfr394
719,V3M1_TCATTACAGCCGTTGC,Olfr140,Olfr1193
720,V3M1_AGATGAATCGTCGGGT,Olfr1256,Olfr330
721,V3M1_CTGAGGCCAGTTTCGA,Olfr479,Olfr67
722,V3M1_GTGACGCTCGGTCTAA,Olfr1118,Olfr1193
723,V3M1_GCATCTCTCTAGATCG,Olfr1056,Olfr1193
724,V3M1_GCGATCGGTTTCCAAG,Olfr571,Olfr67
725,V3M1_GATAGCTCAGAGGACT,Olfr324,Olfr731
726,V3M1_GTTATGGCATCGGTTA,Olfr55,Olfr943
727,V3M1_TGAGGAGTCCAACCAA,Olfr315,Olfr67
728,V3M1_CGGAATTCAGAATCGG,Olfr1411,Olfr220
729,V3M1_TTACAGGGTCACTACA,Olfr1336,Olfr1347
730,V3M1_GGTGATTAGCTATCTG,Olfr222,Olfr1193
731,V3M1_GCACATAGTCTACAAC,Olfr1183,Olfr1307
732,V3M1_TGTGATGTCGATACGT,Olfr1349,Olfr1336
733,V3M1_CAACGGCGTCCTACAA,Olfr1325,Olfr279
734,V3M1_TCATTTGGTGCCCAGT,Olfr716,Olfr1311
735,V3M1_GATGACTTCCACGTCT,Olfr730,Olfr205
736,V3M1_ACGGTTAGTCATGGCC,Olfr370,Olfr455
737,V3M1_CTGCATCCAGTAACGG,Olfr1353,Olfr731
738,V3M1_TCACTATAGTTCATCG,Olfr77,Olfr1039
739,V3M1_TACGGTATCCATCCGT,Olfr1384,Olfr1384
740,V3M1_TCGATTTCACCTGAAT,Olfr1234,Olfr67
741,V3M1_CCGTAGGAGGCGCTTC,Olfr974,Olfr974
742,V3M1_GCCAGGTGTCAGGCAA,Olfr1200,Olfr1116
743,V3M1_AAGATAGCATGTGCTA,Olfr488,Olfr67
744,V3M1_GAAGGGTCACATATGC,Olfr357,Olfr1193
745,V3M1_CGCCATTAGCCATTGT,Olfr175,Olfr531
746,V3M1_ACAGCCGAGGTGAGAA,Olfr1196,Olfr1196
747,V3M1_CTGTGGGAGGTCGACA,Olfr726,Olfr726
748,V3M1_CATCGCTGTAGCGTAG,Olfr15,Olfr67
749,V3M1_GACGTTACAGAACTTC,Olfr469,Olfr1487
750,V3M1_GACGTTAAGAAACCCG,Olfr24,Olfr1303
751,V3M1_GCATCTCGTCTGTGAT,Olfr15,Olfr1381
752,V3M1_AACCAACCAGTCCGTG,Olfr330,Olfr330
753,V3M1_AATAGAGAGTCAATCC,Olfr1501,Olfr67
754,V3M1_ATTGGGTCACGCTGTG,Olfr1501,Olfr67
755,V3M1_TAGAGTCTCCGCGAGT,Olfr361,Olfr1431
756,V3M1_ATGATCGAGGTACCTT,Olfr727,Olfr727
757,V3M1_TGCTTCGCAAGCACCC,Olfr1263,Olfr1214
758,V3M1_CAAGGGAAGTGGACGT,Olfr686,Olfr1196
759,V3M1_TATGTTCAGGATGAGA,Olfr1184,Olfr1184
760,V3M1_TGAGACTGTAGCCAGA,Olfr71,Olfr67
761,V3M1_TTCTGTAGTGTGTTTG,Olfr686,Olfr1193
762,V3M1_ATCACGACACCTGCGA,Olfr1242,Olfr67
763,V3M1_CGTGCTTCAGACCATT,Olfr1426,Olfr984
764,V3M1_TCCCACACAAATGGAT,Olfr718-ps1,Olfr67
765,V3M1_AGATGAAAGTAGTCTC,Olfr1116,Olfr974
766,V3M1_AGACTCAAGGTGATAT,Olfr1193,Olfr1193
767,V3M1_TTCCACGAGATGGCAC,Olfr71,Olfr239
768,V3M1_TCGACCTAGAGTCAAT,Olfr1510,Olfr67
769,V3M1_CATCCACCATCCGGCA,Olfr417,Olfr1322
770,V3M1_ACCTACCGTCGTCGGT,Olfr1110,Olfr701
771,V3M1_GTCACTCGTATGTCTG,Olfr2,Olfr1201
772,V3M1_AGTACCAGTGCAACAG,Olfr728,Olfr728
773,V3M1_TTGGATGTCCCTCGTA,Olfr1347,Olfr67
774,V3M1_GATCCCTTCGTACACA,Olfr730,Olfr67
775,V3M1_GAAGGGTGTCACTCGG,Olfr550,Olfr591
776,V3M1_GAGAGGTGTATGGAAT,Olfr455,Olfr67
777,V3M1_TGCAGTAGTCGCACAC,Olfr536,Olfr1013
778,V3M1_GGCGTCAGTATGAGAT,Olfr449,Olfr309
779,V3M1_CAGATACGTAACGATA,Olfr370,Olfr455
780,V3M1_CCTACGTTCACCTCGT,Olfr541,Olfr1353
781,V3M1_CCCTCTCCAGAGGACT,Olfr466,Olfr1193
782,V3M1_TCATGTTAGCGCCGTT,Olfr1015,Olfr67
783,V3M1_GCGATCGCACCTAAAC,Olfr1302,Olfr67
784,V3M1_GGTAACTCAATAGTCC,Olfr1201,Olfr281
785,V3M1_TGTTCATTCATCGCTC,Olfr1346,Olfr67
786,V3M1_CGTCAAAGTGCAGATG,Olfr1118,Olfr1184
787,V3M1_TCTTCCTGTTGCAACT,Olfr741,Olfr741
788,V3M1_GAAGCGATCACTTGGA,Olfr70,Olfr67
789,V3M1_CCGGGTACATTCCTCG,Olfr1226,Olfr67
790,V3M1_CCGGGTATCTGCACCT,Olfr124,Olfr67
791,V3M1_ATCGATGGTCAGGTGA,Olfr635,Olfr672
792,V3M1_AGGAATATCCAACCAA,Olfr987,Olfr67
793,V3M1_ACTACGACAGGAAGTC,Olfr53,Olfr67
794,V3M1_TCCGATCCATGGTACT,Olfr180,Olfr706
795,V3M1_ACGATGTGTTCAAAGA,Olfr776,Olfr1309
796,V3M1_ATGAGTCTCCCGTTGT,Olfr741,Olfr1346
797,V3M1_CCGGGTATCACGGGCT,Olfr910,Olfr67
798,V3M1_GCGATCGCACATTCTT,Olfr1098,Olfr1322
799,V3M1_AGACAAACAATCTGCA,Olfr329,Olfr205
800,V3M1_GCAACATCATATGCGT,Olfr70,Olfr1196
801,V3M1_CACAGGCCAACTCGAT,Olfr1196,Olfr1196
802,V3M1_CAGATTGAGGTCACAG,Olfr1385,Olfr67
803,V3M1_AGGGTCCGTAGGAAAG,Olfr1322,Olfr1322
804,V3M1_GATCCCTAGAGCAGTC,Olfr1263,Olfr1263
805,V3M1_CGTTAGAAGTTCATCG,Olfr1015,Olfr67
806,V3M1_GAGACCCAGCTGTACT,Olfr1048,Olfr67
807,V3M1_GGAGGTATCATGAGAA,Olfr594,Olfr679
808,V3M1_ACATCCCTCATCGCCT,Olfr729,Olfr455
809,V3M1_GAGACTTGTTGCCTAA,Olfr681,Olfr67
810,V3M1_TGGAGGATCACAAGGG,Olfr771,Olfr731
811,V3M1_AGATGCTCAGTAGTTC,Olfr1507,Olfr1507
812,V3M1_TCGTAGAAGGTGCCAA,Olfr740,Olfr12
813,V3M1_GAGTGAGTCTCCGATC,Olfr741,Olfr211
814,V3M1_GTTCATTCACCCTATC,Olfr160,Olfr67
815,V3M1_GGATCTAAGCACGATG,Olfr1412,Olfr67
816,V3M1_GGCACGTGTTGCTCGG,Olfr1509,Olfr726
817,V3M1_AAGTACCCAGCTAACT,Olfr1507,Olfr1507
818,V3M1_TTTAGTCGTGTGGACA,Olfr1124,Olfr1124
819,V3M1_GTCTACCCACGTACAT,Olfr1213,Olfr328
820,V3M1_CCGAACGCACGAAAGC,Olfr780,Olfr360
821,V3M1_TCCAGAAGTGAACTAA,Olfr370,Olfr67
822,V3M1_CGTAGTAGTTGGTAGG,Olfr61,Olfr731
823,V3M1_GCCAGGTTCTTGGTGA,Olfr729,Olfr1346
824,V3M1_TGCGGGTGTTCAGCTA,Olfr410,Olfr1303
825,V3M1_TGAGCGCCACTATCCC,Olfr1178,Olfr1178
826,V3M1_GACGCTGTCGAGAATA,Olfr1195,Olfr1013
827,V3M1_CTTACCGCACCTCGTT,Olfr1260,Olfr1193
828,V3M1_GATTCTTCACGTCATA,Olfr525,Olfr67
829,V3M1_AGCGTCGAGCTCCACG,Olfr1381,Olfr1193
830,V3M1_AAGTCGTGTATTGCCA,Olfr191,Olfr1386
831,V3M1_ATGGTTGAGAACTTCC,Olfr775,Olfr1254
832,V3M1_AGTCAACCACGCTGTG,Olfr1213,Olfr1307
833,V3M1_ATTCCCGTCGCGCTGA,Olfr1178,Olfr943
834,V3M1_CGCATAATCAGCGGAA,Olfr1280,Olfr1195
835,V3M1_CACGTTCAGAATTGCA,Olfr1347,Olfr1347
836,V3M1_TAGACTGAGCAAACAT,Olfr417,Olfr1196
837,V3M1_TCGGATAAGGGCATGT,Olfr45,Olfr1193
838,V3M1_GCCATTCTCCCTAGGG,Olfr417,Olfr943
839,V3M1_TTCTTGAAGGTGCATG,Olfr314,Olfr67
840,V3M1_TGATTCTAGTTAGTAG,Olfr374,Olfr374
841,V3M1_CATGCTCTCGACTCCT,Olfr1512,Olfr67
842,V3M1_ATCGTAGGTCGGAAAC,Olfr143,Olfr1328
843,V3M1_AGTTCGAAGGGTCAAC,Olfr314,Olfr314
844,V3M1_CTGTGGGAGTTCCTGA,Olfr536,Olfr67
845,V3M1_AGCGATTTCACGACTA,Olfr1025-ps1,Olfr67
846,V3M1_AAGCGAGCACTAGAGG,Olfr131,Olfr1222
847,V3M1_AACGGGACAGGACATG,Olfr394,Olfr1346
848,V3M1_AAGCGTTTCGCTGCGA,Olfr1110,Olfr67
849,V3M1_TTTCCTCCAATATCCG,Olfr1037,Olfr769
850,V3M1_CGTGCTTGTATGCTAC,Olfr130,Olfr67
851,V3M1_AGGGCCTGTGAATGAT,Olfr1440,Olfr279
852,V3M1_GAAATGATCAGCGGAA,Olfr457,Olfr1322
853,V3M1_TGGTTAGCATTATGCG,Olfr726,Olfr1443
854,V3M1_ACCCTTGCAGGCATGA,Olfr309,Olfr67
855,V3M1_ATTCGTTGTGACAGGT,Olfr536,Olfr536
856,V3M1_AGAAGTACAGCTTTCC,Olfr1110,Olfr1110
857,V3M1_TTCATGTGTTCTCCTG,Olfr1348,Olfr1193
858,V3M1_CTCCCAAAGAACGTGC,Olfr788,Olfr1196
859,V3M1_CCTAACCGTACGACAG,Olfr1213,Olfr1322
860,V3M1_ACCGTTCCAACTCCCT,Olfr531,Olfr531
861,V3M1_TTGCTGCGTAATCAAG,Olfr1124,Olfr943
862,V3M1_GTTATGGAGATGACAT,Olfr1260,Olfr67
863,V3M1_AACCATGCAATCTCTT,Olfr2,Olfr1307
864,V3M1_TCGGTCTAGGCCTTCG,Olfr695,Olfr1193
865,V3M1_TGACAGTTCCTATTTG,Olfr727,Olfr1346
866,V3M1_TTAATCCTCGGAGTAG,Olfr1213,Olfr1322
867,V3M1_CGGCAGTCAATTTCTC,Olfr315,Olfr1263
868,V3M1_ATGCGATGTCTGTCCT,Olfr330,Olfr67
869,V3M1_AGGGAGTTCAACCTCC,Olfr297,Olfr1537
870,V3M1_CAACCTCGTTTCGTAG,Olfr1140,Olfr1140
871,V3M1_ATCGCCTCACCCTCTA,Olfr1196,Olfr1196
872,V3M1_CGAAGGAGTACAAAGT,Olfr170,Olfr170
873,V3M1_TCTACATGTGTACATC,Olfr414,Olfr1336
874,V3M1_CTTAGGAAGAGGTTAT,Olfr1262,Olfr1193
875,V3M1_ACGCACGGTACTAAGA,Olfr170,Olfr1196
876,V3M1_CTACGGGTCTGCCTCA,Olfr743,Olfr741
877,V3M1_TGGGCGTAGTGTGTTC,Olfr731,Olfr1193
878,V3M1_CACTTCGAGGGTGAAA,Olfr339,Olfr67
879,V3M1_GTTACAGCAACAGCCC,Olfr183,Olfr67
880,V3M1_GAAGCGACAAATGATG,Olfr1440,Olfr601
881,V3M1_CCCATTGTCTTAGCTT,Olfr536,Olfr67
882,V3M1_TTCGGTCAGGTACAGC,Olfr15,Olfr67
883,V3M1_GCAGGCTAGTCTTCCC,Olfr1336,Olfr1336
884,V3M1_GTTGCGGTCCCTCATG,Olfr1326-ps1,Olfr775
885,V3M1_GGAGCAATCGTTCGCT,Olfr1097,Olfr67
886,V3M1_TCAAGCAGTAATCAAG,Olfr1440,Olfr1307
887,V3M1_TCGTCCAGTTGGACCC,Olfr195,Olfr1386
888,V3M1_CAGATTGGTCGAGATG,Olfr1180,Olfr67
889,V3M1_AACGGGAGTAGATCCT,Olfr125,Olfr1193
890,V3M1_AGGTAGGGTTCTTGTT,Olfr132,Olfr132
891,V3M1_GACTATGAGGTTCAGG,Olfr1294,Olfr67
892,V3M1_TCCCACACAATGACCT,Olfr1262,Olfr1262
893,V3M1_CCAAGCGTCGAGAAGC,Olfr541,Olfr1193
894,V3M1_CCCGGAATCTACACAG,Olfr291,Olfr291
895,V3M1_TATACCTAGTCTAGCT,Olfr788,Olfr67
896,V3M1_AAGTTCGTCACTAGCA,Olfr1228,Olfr1192-ps1
897,V3M1_TGGTACATCTAAGCCA,Olfr169,Olfr1193
898,V3M1_TTCTGTAGTCTGCGCA,Olfr1112,Olfr984
899,V3M1_TTTACCAGTAGGTAGC,Olfr506,Olfr566
900,V3M1_CTCATCGAGACAAGCC,Olfr455,Olfr1307
901,V3M1_ACACCAATCCTTGGAA,Olfr523,Olfr67
902,V3M1_CTCATCGTCTCAAAGC,Olfr55,Olfr1193
903,V3M1_CGAGGAATCGTTATCT,Olfr63,Olfr2
904,V3M1_GTTCCGTTCGACGAGA,Olfr45,Olfr1193
905,V3M1_TGGGAAGAGCTGTTAC,Olfr237,Olfr67
906,V3M1_TACAACGCATCATTTC,Olfr527,Olfr309
907,V3M1_CTTCAATGTCAATCTG,Olfr1322,Olfr1322
908,V3M1_CGTTAGATCCATTTCA,Olfr220,Olfr67
909,V3M1_CAGTGCGAGGTGCAGT,Olfr1,Olfr1193
910,V3M1_ATACCTTAGGGATGTC,Olfr729,Olfr1346
911,V3M2_TACCGGGGTTCTCTCG,Olfr1243,Olfr67
912,V3M2_CAGTTCCTCAGAGTGG,Olfr195,Olfr531
913,V3M2_GAGATGGAGTCACACT,Olfr786,Olfr1307
914,V3M2_ACACCAAGTGTGGACA,Olfr731,Olfr1307
915,V3M2_TCCATGCCAGATCATC,Olfr1097,Olfr67
916,V3M2_AACACACCACCGTGAC,Olfr437,Olfr679
917,V3M2_GGGTTTAAGCCTGAAG,Olfr1323,Olfr1196
918,V3M2_AGGATAAGTGTCCACG,Olfr370,Olfr455
919,V3M2_CAAGCTAAGTCGTTAC,Olfr31,Olfr1336
920,V3M2_TTCCTTCCAGAGTTCT,Olfr309,Olfr525
921,V3M2_TCATCCGTCGGCTGGT,Olfr531,Olfr205
922,V3M2_TGGTGATGTTTGGGTT,Olfr536,Olfr60
923,V3M2_CTTAGGAGTAATGATG,Olfr488,Olfr67
924,V3M2_GCTTGGGCACACGCCA,Olfr220,Olfr731
925,V3M2_GCACTAAAGCATCGAG,Olfr1262,Olfr706
926,V3M2_ATTCGTTCATACGCAT,Olfr8,Olfr67
927,V3M2_ATTCTACGTACCAATC,Olfr776,Olfr1307
928,V3M2_CTACAGAAGGAACGTC,Olfr1358,Olfr1339
929,V3M2_AAACGAAGTAGAGGAA,Olfr173,Olfr1013
930,V3M2_CCGCAAGGTCAAACGG,Olfr211,Olfr67
931,V3M2_CGTAAGTCATGATAGA,Olfr1106,Olfr67
932,V3M2_CGCCATTAGAGAGGGC,Olfr1383,Olfr465-ps1
933,V3M2_TTTGGTTTCACCATAG,Olfr821,Olfr818
934,V3M2_TCGACCTTCGAACCTA,Olfr571,Olfr617
935,V3M2_TTGATGGCACTCACTC,Olfr15,Olfr15
936,V3M2_TACGCTCCAGGTGTGA,Olfr237,Olfr67
937,V3M2_AATGAAGAGGTTACAA,Olfr54,Olfr67
938,V3M2_GATCACATCGGTCTGG,Olfr1110,Olfr1193
939,V3M2_TTCATTGCACGGTGAA,Olfr220,Olfr220
940,V3M2_TACGCTCGTGTTACTG,Olfr943,Olfr943
941,V3M2_GATGGAGCACGAGAAC,Olfr1212,Olfr67
942,V3M2_AATGGAACAATGTCTG,Olfr1228,Olfr731
943,V3M2_GCCGTGAAGACTTCAC,Olfr1214,Olfr538
944,V3M2_GCAGCCATCTAGCAAC,Olfr536,Olfr1286
945,V3M2_CAAGACTTCCCGTTGT,Olfr398,Olfr398
946,V3M2_CCGGTAGAGTATGGAT,Olfr291,Olfr775
947,V3M2_TGTTGGACAGGATGAC,Olfr720,Olfr524
948,V3M2_ATCCACCTCGTTCAGA,Olfr166,Olfr1013
949,V3M2_AAAGGATTCAAGATAG,Olfr12,Olfr67
950,V3M2_CAGTTAGGTCGGAAAC,Olfr15,Olfr15
951,V3M2_CTTCAATGTCTGCGCA,Olfr1211,Olfr1423
952,V3M2_AGACCCGTCCATAAGC,Olfr1197,Olfr1307
953,V3M2_CTCAGAATCCGCACGA,Olfr969,Olfr1155
954,V3M2_CTTCGGTGTGACGTCC,Olfr53,Olfr1048
955,V3M2_TCGAAGTAGATGAACT,Olfr31,Olfr2
956,V3M2_CTGTCGTTCAAGTTGC,Olfr615,Olfr67
957,V3M2_CCCGGAAGTAAGGCCA,Olfr1348,Olfr1348
958,V3M2_CTGCTCAAGGTGCGAT,Olfr222,Olfr3
959,V3M2_CTGTGGGCAGATAAAC,Olfr536,Olfr205
960,V3M2_TCATCATGTGTGTCCG,Olfr15,Olfr1386
961,V3M2_TAGAGTCGTCGCTTGG,Olfr982,Olfr67
962,V3M2_CTTGAGACAGCCCAGT,Olfr1262,Olfr67
963,V3M2_ATGAGTCCATGTTTGG,Olfr160,Olfr67
964,V3M2_CGGACACAGTCTCTGA,Olfr398,Olfr1212
965,V3M2_TTGGGATCATCAGTCA,Olfr1216,Olfr67
966,V3M2_GTAGTACGTTAATCGC,Olfr524,Olfr2
967,V3M2_GAGTGTTAGCGTGCTC,Olfr15,Olfr67
968,V3M2_GTTCGCTGTTATTCTC,Olfr1347,Olfr1263
969,V3M2_CATTGTTCAGCTCGGT,Olfr731,Olfr731
970,V3M2_AGCGCCACACCATAAC,Olfr722,Olfr1112
971,V3M2_TGACTCCCAAGAGAGA,Olfr1346,Olfr67
972,V3M2_ACCTGTCAGCCGTAAG,Olfr1510,Olfr67
973,V3M2_GGTGATTTCGGCCCAA,Olfr1130,Olfr531
974,V3M2_GACCGTGAGGAGAGGC,Olfr1260,Olfr1100
975,V3M2_ATCGTGAAGGTATCTC,Olfr1507,Olfr1346
976,V3M2_TATTGGGCACCGAATT,Olfr711,Olfr56
977,V3M2_AGTGCCGAGGGAGGCA,Olfr1093,Olfr531
978,V3M2_GCTTGGGAGCGCCTTG,Olfr55,Olfr55
979,V3M2_CTACCTGTCACCATGA,Olfr1336,Olfr67
980,V3M2_ACCTGAATCATTGCGA,Olfr237,Olfr67
981,V3M2_AGGACTTGTCCGGACT,Olfr111,Olfr111
982,V3M2_ACCCTCACATGGGCAA,Olfr491,Olfr531
983,V3M2_TGGAACTCAGGGCTTC,Olfr13,Olfr67
984,V3M2_ACTTCCGAGGACGCTA,Olfr140,Olfr1193
985,V3M2_CATGCCTTCCTTCTTC,Olfr843,Olfr3
986,V3M2_GGGACCTAGGAACATT,Olfr12,Olfr12
987,V3M2_ACTTCGCCACTACACA,Olfr1347,Olfr220
988,V3M2_TACAACGTCGGAGATG,Olfr1461,Olfr1240
989,V3M2_AGCGTCGCATCACAGT,Olfr281,Olfr1196
990,V3M2_GATGATCAGATACAGT,Olfr1348,Olfr429
991,V3M2_CGGAGAAGTGTTTACG,Olfr1036,Olfr67
992,V3M2_GAGGGTACAATCTAGC,Olfr1508,Olfr1508
993,V3M2_AGTGATCCACATATGC,Olfr1214,Olfr67
994,V3M2_ATGGGTTCAAGCGAGT,Olfr1361,Olfr672
995,V3M2_GGAGAACAGTGCAAAT,Olfr1348,Olfr67
996,V3M2_CCTGTTGTCATCACTT,Olfr211,Olfr1013
997,V3M2_TTCCTTCGTTTCTTAC,Olfr1428,Olfr974
998,V3M2_GGGATCCGTCTGTGAT,Olfr1321,Olfr1196
999,V3M2_ACGATCATCCGTATAG,Olfr727,Olfr1301
1000,V3M2_ATTTACCCAGTTGTCA,Olfr357,Olfr67
1001,V3M2_CTCTGGTAGAGTGGCT,Olfr60,Olfr531
1002,V3M2_CGTAGTACAAGATGGC,Olfr1428,Olfr67
1003,V3M2_TCTGTCGAGCGAATGC,Olfr1097,Olfr1116
1004,V3M2_TGTGAGTGTTTCGTGA,Olfr450,Olfr1253
1005,V3M2_TCGTGGGTCAGCTGAT,Olfr173,Olfr974
1006,V3M2_CAAGACTGTCTCCTGT,Olfr390,Olfr1193
1007,V3M2_TTTCAGTCACTTGTGA,Olfr741,Olfr67
1008,V3M2_CTTGAGATCAGGACAG,Olfr1418,Olfr601
1009,V3M2_TCTATCACAGTCGGAA,Olfr801,Olfr769
1010,V3M2_CCTGCATAGTGAGGTC,Olfr455,Olfr455
1011,V3M2_GTCACTCAGCGATGCA,Olfr1191-ps1,Olfr1336
1012,V3M2_GATGACTAGGATATAC,Olfr117,Olfr1193
1013,V3M2_CACGTGGAGGTAAAGG,Olfr285,Olfr67
1014,V3M2_TTGATGGTCACATACG,Olfr1046,Olfr1046
1015,V3M2_GTCTCACGTGATACAA,Olfr1042,Olfr419
1016,V3M2_AACCTGAGTGTCGCTG,Olfr53,Olfr67
1017,V3M2_TCATCCGCACCACATA,Olfr328,Olfr1201
1018,V3M2_ATGGGAGCACGCGTCA,Olfr1342,Olfr1346
1019,V3M2_GCACATAAGCACTCGC,Olfr1036,Olfr67
1020,V3M2_CTCCGATAGCCTAGGA,Olfr536,Olfr706
1021,V3M2_GGAACCCAGGGCTTCC,Olfr183,Olfr1301
1022,V3M2_CATTGCCTCTAACGCA,Olfr1018,Olfr1303
1023,V3M2_CAAGAGGAGATTAGCA,Olfr1242,Olfr67
1024,V3M2_CCTAACCAGAGTAACT,Olfr140,Olfr1193
1025,V3M2_CAAGAGGTCTGGACTA,Olfr740,Olfr187
1026,V3M2_GTGACGCTCTGCGGAC,Olfr220,Olfr67
1027,V3M2_CTTCTAAGTTTAGTCG,Olfr237,Olfr661
1028,V3M2_CCGATCTTCGATCCCT,Olfr1196,Olfr731
1029,V3M2_CAGTTCCGTAGGTACG,Olfr1276,Olfr1322
1030,V3M2_ATACCGAGTAGTGATA,Olfr8,Olfr67
1031,V3M2_TACACCCGTGCCAAGA,Olfr874,Olfr601
1032,V3M2_GTGGAGAGTTCCGCAG,Olfr1254,Olfr1423
1033,V3M2_TGATGGTTCGCGTCGA,Olfr31,Olfr2
1034,V3M2_AACGAAAAGGCCGCTT,Olfr731,Olfr1303
1035,V3M2_CCGGTAGAGCAGGGAG,Olfr539,Olfr1013
1036,V3M2_AGACCATTCTGTCTCG,Olfr167,Olfr851
1037,V3M2_TAATCTCGTTCGTACA,Olfr2,Olfr2
1038,V3M2_TCGACGGAGTGATTCC,Olfr1346,Olfr220
1039,V3M2_CTTCAATTCGCGAAGA,Olfr1428,Olfr1193
1040,V3M2_GACTTCCAGCTTAGTC,Olfr1200,Olfr1307
1041,V3M2_TCAGTTTAGAAGCGAA,Olfr743,Olfr1259
1042,V3M2_AACCTGACAAATCAAG,Olfr1494,Olfr1307
1043,V3M2_GAAGAATGTAACCCTA,Olfr237,Olfr661
1044,V3M2_CGATGGCAGCGGACAT,Olfr531,Olfr1386
1045,V3M2_GATAGAAGTCGCTCGA,Olfr390,Olfr1193
1046,V3M2_CAGTTAGGTAGATGTA,Olfr1254,Olfr1423
1047,V3M2_AGAGCCCGTGGCTGAA,Olfr358,Olfr601
1048,V3M2_TCATGAGGTTCTTGTT,Olfr390,Olfr390
1049,V3M2_CACGTTCCATCGTGGC,Olfr279,Olfr1214
1050,V3M2_AGAGAGCTCCATGAGT,Olfr166,Olfr166
1051,V3M2_GAAGCCCCAGTTACCA,Olfr330,Olfr984
1052,V3M2_CCCAACTTCCGGTAGC,Olfr820,Olfr1112
1053,V3M2_CGGACACAGGGAGTGG,Olfr731,Olfr67
1054,V3M2_GCTTTCGGTTCTTGCC,Olfr330,Olfr984
1055,V3M2_TATCAGGAGGTATCTC,Olfr1226,Olfr731
1056,V3M2_AGTAGCTTCTTCGGAA,Olfr140,Olfr1193
1057,V3M2_ACCAACAAGAACTTCC,Olfr168,Olfr1193
1058,V3M2_CCGCAAGAGAGGACTC,Olfr1260,Olfr325
1059,V3M2_TTATTGCTCGTGGACC,Olfr969,Olfr1046
1060,V3M2_GTGAGTTCACGCAGTC,Olfr741,Olfr1346
1061,V3M2_GCTTTCGCAGGAATCG,Olfr1301,Olfr531
1062,V3M2_GGGAGATGTATAATGG,Olfr455,Olfr731
1063,V3M2_AAGGTAACAGCGTGCT,Olfr1382,Olfr1193
1064,V3M2_CGTAATGCATCATGAC,Olfr1251,Olfr1318
1065,V3M2_CGGTCAGCACTATCGA,Olfr1283,Olfr67
1066,V3M2_TACCGAATCTTCCAGC,Olfr1442,Olfr1193
1067,V3M2_TCCACCACAAGATGGC,Olfr1349,Olfr2
1068,V3M2_CGTCCATCACACTGGC,Olfr536,Olfr536
1069,V3M2_ATACTTCAGCACACCC,Olfr536,Olfr1263
1070,V3M2_GCAGCTGTCGAACCTA,Olfr1428,Olfr984
1071,V3M2_TTGACCCAGGTTATAG,Olfr681,Olfr1228
1072,V3M2_TGCATGAAGGGAGTGG,Olfr1341,Olfr205
1073,V3M2_TGTCCACGTGGATCGA,Olfr130,Olfr2
1074,V3M2_GCGGATCGTATACAGA,Olfr1491,Olfr390
1075,V3M2_AACAACCGTCTCCCTA,Olfr969,Olfr1155
1076,V3M2_TGGCGTGAGGCATTTC,Olfr129,Olfr523
1077,V3M2_CTAGACAGTCCACTTC,Olfr921,Olfr67
1078,V3M2_CATGCCTTCGATTCCC,Olfr1491,Olfr24
1079,V3M2_AGAAGCGAGGGCGAAG,Olfr455,Olfr1307
1080,V3M2_ATTCATCTCAAAGAAC,Olfr1408,Olfr1043
1081,V3M2_AGATAGATCATTCATC,Olfr317,Olfr612
1082,V3M3_GTGCTGGAGTCTCCTC,Olfr786,Olfr67
1083,V3M3_GCGAGAAGTAGCGTAG,Olfr1261,Olfr1347
1084,V3M3_CTGCAGGAGAACCCGA,Olfr31,Olfr469
1085,V3M3_GAGTGAGGTTCCGGTG,Olfr1414,Olfr12
1086,V3M3_AAGACTCTCAAGGCTT,Olfr1382,Olfr1386
1087,V3M3_GGATCTACATGCACTA,Olfr787,Olfr787
1088,V3M3_CGGGACTGTCCGGATC,Olfr1262,Olfr67
1089,V3M3_CTTCTCTTCACTGATG,Olfr653,Olfr67
1090,V3M3_CTACGGGTCCACAGGC,Olfr222,Olfr1196
1091,V3M3_GCATCTCAGAGGTCAC,Olfr998,Olfr1431
1092,V3M3_GTGATGTGTGGTCTCG,Olfr1415,Olfr220
1093,V3M3_TGGGCTGCAAGAAACT,Olfr1126,Olfr67
1094,V3M3_ATGGAGGTCACGTCCT,Olfr541,Olfr1307
1095,V3M3_GGGTCACCAATTGCAC,Olfr1229,Olfr1318
1096,V3M3_TTCTTCCCACAGCTGC,Olfr156,Olfr523
1097,V3M3_CGACAGCAGTCATAGA,Olfr1271,Olfr775
1098,V3M3_TGTCCTGAGACCATTC,Olfr1257,Olfr1013
1099,V3M3_TCGGTCTTCACGAACT,Olfr1257,Olfr1353
1100,V3M3_GGAACCCTCCGCAGTG,Olfr1264,Olfr455
1101,V3M3_TAGGGTTGTGGCACTC,Olfr237,Olfr448
1102,V3M3_AAGTACCGTGAGGATC,Olfr571,Olfr67
1103,V3M3_CATGAGTTCGCCCAGA,Olfr411,Olfr731
1104,V3M3_CAAGACTTCTATCACT,Olfr578,Olfr67
1105,V3M3_AACGTCAAGACCAACG,Olfr1264,Olfr775
1106,V3M3_GTTCCGTTCCGCTTAC,Olfr214,Olfr67
1107,V3M3_GGGAGTATCTGCATGA,Olfr291,Olfr943
1108,V3M3_CCCGAAGCATAAGCGG,Olfr681,Olfr67
1109,V3M3_ATTCCATGTGTGTCGC,Olfr370,Olfr2
1110,V3M3_GTCTACCCACAACGAG,Olfr1419,Olfr1419
1111,V3M3_AGTGCCGTCCTAGCGG,Olfr1191-ps1,Olfr67
1112,V3M3_CCCGAAGGTACGAAAT,Olfr1015,Olfr67
1113,V3M3_TGTCAGACAATCCTAG,Olfr1197,Olfr6
1114,V3M3_TGAGCGCGTCGCTTGG,Olfr1384,Olfr1184
1115,V3M3_CTTTCAAAGTAGTCTC,Olfr1346,Olfr1346
1116,V3M3_GTGGAGACAGCGATTT,Olfr1195,Olfr181
1117,V3M3_TGCTTGCGTCTGCCTT,Olfr1260,Olfr1303
1118,V3M3_GTTCATTTCTTACCAT,Olfr1264,Olfr1423
1119,V3M3_AACAACCAGTATAACG,Olfr311,Olfr1346
1120,V3M3_AGCGATTAGTGGATAT,Olfr455,Olfr455
1121,V3M3_GCTGGGTAGTGCTCGC,Olfr1271,Olfr715b
1122,V3M3_CACTGTCCACCAGCCA,Olfr740,Olfr12
1123,V3M3_CCACGAGCATGTTTGG,Olfr263,Olfr1307
1124,V3M3_GCTACAAAGTAGGTTA,Olfr1352,Olfr1346
1125,V3M3_GCCGTGAGTTTCGATG,Olfr209,Olfr1193
1126,V3M3_CATTGAGGTATTTCTC,Olfr166,Olfr15
1127,V3M3_GCTTGGGTCGGAACTT,Olfr1016,Olfr394
1128,V3M3_TGCACGGAGCCTCCAG,Olfr93,Olfr360
1129,V3M3_CAATTTCCAGCTTTCC,Olfr1168,Olfr67
1130,V3M3_CGTAGTAAGGGCAACT,Olfr213,Olfr701
1131,V3M3_AGGGAGTTCTTAAGGC,Olfr15,Olfr205
1132,V3M3_CCAATGAAGGTGAGCT,Olfr525,Olfr1013
1133,V3M3_GGTTGTATCTATGTGG,Olfr123,Olfr455
1134,V3M3_CACAGGCAGGATGGCT,Olfr716,Olfr764-ps1
1135,V3M3_TGATGGTCAATCAGCT,Olfr213,Olfr731
1136,V3M3_TGACAGTAGGTGGCTA,Olfr1110,Olfr1110
1137,V3M3_TTAGGGTAGGTGCGAT,Olfr805,Olfr455
1138,V3M3_ACTACGATCCTAAACG,Olfr169,Olfr205
1139,V3M3_GCTGGGTTCATGGCCG,Olfr131,Olfr715b
1140,V3M3_GGGTATTCATTGCAAC,Olfr239,Olfr3
1141,V3M3_CCTTCAGCAGCTACAT,Olfr1564,Olfr775
1142,V3M3_TTTATGCCACCAATTG,Olfr73,Olfr67
1143,V3M3_AGAACCTAGTGCCTCG,Olfr1217,Olfr731
1144,V3M3_TCCATCGCATACCATG,Olfr727,Olfr727
1145,V3M3_CCGTGAGGTTAACCTG,Olfr169,Olfr1359
1146,V3M3_CTCCCTCAGTCATGGG,Olfr1415,Olfr56
1147,V3M3_CATTCATTCGTAACAC,Olfr1427,Olfr731
1148,V3M3_TCAGTTTCATCACCAA,Olfr943,Olfr984
1149,V3M3_TGGGAGATCAATCTTC,Olfr213,Olfr1307
1150,V3M3_CCACTTGTCGTGAGAG,Olfr806,Olfr360
1151,V3M3_ATGGGTTAGTGCGTCC,Olfr1039,Olfr1039
1152,V3M3_AGGGCTCCATCTGGGC,Olfr220,Olfr67
1153,V3M3_GTTTGGAAGCTAGCCC,Olfr1006,Olfr376
1154,V3M3_GCACGGTGTCCACGCA,Olfr1209,Olfr12
1155,V3M3_TCCCACACACAGCCTG,Olfr743,Olfr67
1156,V3M3_CAAGGGATCAGACCGC,Olfr1039,Olfr1043
1157,V3M3_TCAGCAAGTGATTCTG,Olfr1182,Olfr943
1158,V3M3_TCGTGCTCAAAGCTAA,Olfr398,Olfr67
1159,V3M3_AGAAGTAAGTCATGAA,Olfr1487,Olfr1090
1160,V3M3_CAATACGCATTAGGAA,Olfr1254,Olfr1307
1161,V3M3_TTTATGCAGGATTTCC,Olfr722,Olfr67
1162,V3M3_GTAGCTAAGACCACGA,Olfr166,Olfr67
1163,V3M3_GGGAAGTTCGTAGGGA,Olfr1228,Olfr731
1164,V3M3_TGAATGCGTTGAGTCT,Olfr770,Olfr523
1165,V3M3_TCGGGCACAGGAGGAG,Olfr1532-ps1,Olfr984
1166,V3M3_AACCAACGTGGATTTC,Olfr193,Olfr1193
1167,V3M3_CCGGTGACAATTTCTC,Olfr1045,Olfr1193
1168,V3M3_TGCTGAAGTTCGTACA,Olfr109,Olfr701
1169,V3M3_TCCCACACAACCCTAA,Olfr170,Olfr1193
1170,V3M3_GTAGGAGAGCATAGGC,Olfr1440,Olfr943
1171,V3M3_CTGTACCAGCTGGCCT,Olfr988,Olfr612
1172,V3M3_TGTTTGTAGAGTCAGC,Olfr180,Olfr195
1173,V3M3_GATCGTACACGTCATA,Olfr463,Olfr1107
1174,V3M3_TAAGTCGGTTCGGACC,Olfr1261,Olfr220
1175,V3M3_GTTTACTCAGCCATTA,Olfr1438-ps1,Olfr279
1176,V3M3_GCACGGTCATGCCATA,Olfr1385,Olfr123
1177,V3M3_GTAGAAATCCCATGGG,Olfr1508,Olfr1508
1178,V3M3_TACAGGTTCGACATCA,Olfr309,Olfr1013
1179,V3M3_TGAGGTTAGAAGCGAA,Olfr297,Olfr297
1180,V3M3_TCCCATGGTTCTCCAC,Olfr780,Olfr827
1181,V3M3_CGGGACTCACGCTGCA,Olfr12,Olfr1307
1182,V3M3_CCTCCTCAGTGCAGCA,Olfr1325,Olfr1307
1183,V3M3_AGGTTACAGCACACAG,Olfr1254,Olfr1271
1184,V3M3_CGGTCAGCAGGCAATG,Olfr204,Olfr205
1185,V3M3_TATACCTTCGGTTCAA,Olfr1425,Olfr1346
1186,V3M3_AGTACTGTCGCCTAGG,Olfr1211,Olfr1423
1187,V3M3_GCCATGGGTCTTACAG,Olfr329,Olfr731
1188,V3M3_TGGTAGTGTAGGCTGA,Olfr741,Olfr1013
1189,V3M3_TGAGCATAGATCACTC,Olfr1197,Olfr731
1190,V3M3_CTCCTCCCATGACTTG,Olfr1389,Olfr1013
1191,V3M3_AACCACACAGAGATTA,Olfr1196,Olfr67
1192,V3M3_TCCAGAAGTCGTTATG,Olfr6,Olfr1412
1193,V3M3_GACGTTACAAGACTGG,Olfr315,Olfr1346
1194,V3M3_ACGTACACAAGACGGT,Olfr1442,Olfr1307
1195,V3M3_TGGCGTGGTCGTCTCT,Olfr455,Olfr455
1196,V3M3_TCATGCCGTATTGGCT,Olfr330,Olfr330
1197,V3M3_GAGCTGCTCCGTTGGG,Olfr212,Olfr1346
1198,V3M3_AAAGTGAGTTAGCTAC,Olfr1446,Olfr1201
1199,V3M3_TTTGTTGGTAAGTAGT,Olfr706,Olfr1110
1200,V3M3_GTGAGGAGTCAAGCGA,Olfr455,Olfr455
1201,V3M3_AAACCCATCTTCCCGA,Olfr1286,Olfr1346
1202,V3M3_CAGCAGCCAGAGAAAG,Olfr272,Olfr523
1203,V3M3_CCCATTGTCTAGTTCT,Olfr191,Olfr2
1204,V3M3_GATTTCTCATCTTAGG,Olfr1507,Olfr67
1205,V3M3_AGGACTTCAACCCTAA,Olfr318,Olfr1423
1206,V3M3_CAAGAGGAGGGAGGAC,Olfr330,Olfr67
1207,V3M3_GGAGCAAAGTGTAGTA,Olfr530,Olfr1297
1208,V3M3_GACGCTGTCCTTGGAA,Olfr1263,Olfr205
1209,V3M3_AAGGTAATCTATACTC,Olfr1348,Olfr1347
1210,V3M3_CCATAAGGTTACGTAC,Olfr984,Olfr1193
1211,V3M3_AATGACCAGCCACTCG,Olfr168,Olfr67
1212,V3M3_TTTAGTCTCGGCCTTT,Olfr821,Olfr769
1213,V3M3_AACAAAGGTATCCCAA,Olfr541,Olfr1347
1214,V3M3_CCGATGGCAGGACAGT,Olfr235,Olfr1440
1215,V3M3_TCCGATCGTAGGTAGC,Olfr851,Olfr1303
1216,V3M3_CTGCTCAAGCTGAAGC,Olfr1258,Olfr640
1217,V3M3_AACAAGAAGGCCTTGC,Olfr110,Olfr731
1218,V3M3_TGATTTCTCCACAGGC,Olfr140,Olfr1193
1219,V3M3_AGCTCAATCTCCACTG,Olfr1226,Olfr1189
1220,V3M3_ATCCCTGAGCACCAGA,Olfr750,Olfr523
1221,V3M3_CAGGGCTGTCGAAACG,Olfr448,Olfr1039
1222,V3M3_TCACACCAGACGCCCT,Olfr1347,Olfr67
1223,V3M3_GAGATGGCAAGTATCC,Olfr699,Olfr851
1224,V3M3_AGACTCATCTATTTCG,Olfr1228,Olfr1346
1225,V3M3_TCATTGTTCCTAGAGT,Olfr827,Olfr827
1226,V3M3_CGGTCAGCAGTTCTAG,Olfr389,Olfr601
1227,V3M3_GTTGAACGTAGATTAG,Olfr769,Olfr769
1228,V3M3_AGGAAATGTGTGATGG,Olfr117,Olfr1311
1229,V3M3_TTCAGGAAGAGAGCAA,Olfr1510,Olfr1328
1230,V3M3_CTAGACACACGCGGTT,Olfr479,Olfr1013
1231,V3M3_TCAGCAAAGACTACGG,Olfr1240,Olfr731
1232,V3M3_ACATCGAGTGTCCATA,Olfr2,Olfr2
1233,V3M3_TTTACGTCAGCTAACT,Olfr1039,Olfr601
1234,V3M3_CGCATAACATGGAGAC,Olfr1260,Olfr1193
1235,V3M3_GAAATGAGTGTAGCAG,Olfr1192-ps1,Olfr330
1236,V3M3_TCATTACCAGTCGCTG,Olfr145,Olfr67
1237,V3M3_TTGCTGCCAGCCGTTG,Olfr524,Olfr67
1238,V3M3_ATACCGAAGAATTGCA,Olfr722,Olfr1255
1239,V3M3_TACCTCGGTAGCGTAG,Olfr742,Olfr1259
1240,V3M3_AGGGCCTGTCGTTCAA,Olfr695,Olfr1196
1241,V3M3_TGGAACTAGAGCATCG,Olfr325,Olfr67
1242,V3M3_GAAGTAATCTGCTAGA,Olfr1348,Olfr205
1243,V3M3_AACCTTTCAACACAAA,Olfr826,Olfr77
1244,V3M3_AGTAACCAGTGCACAG,Olfr1176,Olfr553
1245,V3M3_AATCGACAGAACTCCT,Olfr1155,Olfr67
1246,V3M3_GTTTGGAGTTAAAGTG,Olfr1392,Olfr1380
1247,V3M3_AGGATCTAGCATCAGG,Olfr729,Olfr1307
1248,V3M3_TGAGTCACAGCTTTGA,Olfr358,Olfr592
1249,V3M3_TGTGCGGAGCCACTCG,Olfr820,Olfr1423
1250,V3M3_TGTTCCGCACGTGTGC,Olfr291,Olfr876
1251,V3M3_GACCGTGGTGTTCGAT,Olfr1426,Olfr984
1252,V3M3_GAGTGAGCAGTCGTTA,Olfr1239,Olfr1307
1253,V3M3_TGGGAAGAGTCCCAGC,Olfr1241,Olfr1184
1254,V3M3_TCTGTCGAGCTGAAGC,Olfr1197,Olfr1423
1255,V3M3_CAGCACGAGAAGCTGC,Olfr1196,Olfr764-ps1
1256,V3M3_ACACGCGCAGCGTTTA,Olfr1414,Olfr12
1257,V3M3_TGGTAGTGTGTGCCTG,Olfr1254,Olfr1419
1258,V3M3_ACTTTGTCACGTACTA,Olfr506,Olfr1039
1259,V3M3_AGAAGCGCAGGCCTGT,Olfr1110,Olfr1297
1260,V3M3_CTAAGTGTCCAATCTT,Olfr465-ps1,Olfr731
1261,V3M3_TCGCTTGTCCATGAGT,Olfr1197,Olfr732
1262,V3M3_TCAATTCCAAACAGGC,Olfr1168,Olfr1013
1263,V3M3_GGGTGAAGTGAACCGA,Olfr506,Olfr601
1264,V3M3_CAAGAGGCAGCTACTA,Olfr222,Olfr1219
1265,V3M3_GGTGTTATCGTAGGGA,Olfr205,Olfr1100
1266,V3M3_ACTCTCGGTGGGCTTC,Olfr195,Olfr968
1267,V3M3_TCCCATGCATCACAGT,Olfr715b,Olfr67
1268,V3M3_TGTTCCGTCGCCAATA,Olfr455,Olfr1307
1269,V3M3_TTGGGTACATGGCTGC,Olfr1183,Olfr1193
1270,V3M3_TAGAGTCGTCGCGTCA,Olfr171,Olfr60
1271,V3M3_AAGTCGTAGAAATCCA,Olfr987,Olfr1328
1272,V3M3_GTGTCCTAGAAGAACG,Olfr55,Olfr794
1273,V3M3_TATCCTAGTGAGGAAA,Olfr2,Olfr67
1274,V3M3_GAATCACTCGCGGTAC,Olfr640,Olfr67
1275,V3M3_CTTAGGATCTCGTTTA,Olfr1239,Olfr67
1276,V3M3_TGTGCGGAGCTTAAGA,Olfr1193,Olfr67
1277,V3M3_GCACATAAGATCGCTT,Olfr1361,Olfr1193
1278,V3M3_ACGTCCTAGCACTTTG,Olfr536,Olfr1193
1279,V3M3_ATCACTTGTCGTACTA,Olfr1200,Olfr1196
1280,V3M3_TGAGCATCACTGAGTT,Olfr1507,Olfr1507
1281,V3M3_GAAGGACGTATTGCCA,Olfr1213,Olfr1307
1282,V3M3_GTAGGTTGTCTTCGAA,Olfr140,Olfr1193
1283,V3M3_CTTTCAAGTCTACAGT,Olfr770,Olfr360
1284,V3M3_TCACGCTAGTACTCGT,Olfr1097,Olfr330
1285,V3M3_GATTCGATCCTAGCTC,Olfr116,Olfr67
1286,V3M3_AAGACTCCAAGGTCGA,Olfr1124,Olfr1354
1287,V3M3_GTATTGGCAGCGACCT,Olfr653,Olfr731
1288,V3M3_CCTTGTGAGTGTAGAT,Olfr777,Olfr777
1289,V3M3_TTTACCACATCATTGG,Olfr132,Olfr731
1290,V3M3_CATTGCCGTTCCGCTT,Olfr1510,Olfr1423
1291,V3M3_ATCATTCTCAAGCTGT,Olfr1129,Olfr1013
1292,V3M3_CATACAGAGAGCGACT,Olfr961,Olfr67
1293,V3M3_TGTCAGATCCTCTCTT,Olfr169,Olfr2
1294,V3M3_TGAATGCAGATTGATG,Olfr729,Olfr729
1295,V3M3_TCACAAGGTACTCCGG,Olfr722,Olfr2
1296,V3M3_ACTTTGTCAGAGTCTT,Olfr60,Olfr1013
1297,V3M3_ACATTTCAGGGACACT,Olfr17,Olfr764-ps1
1298,V3M3_GTAACACGTATTGCCA,Olfr527,Olfr523
1299,V3M3_GAAGTAAAGATGCTAA,Olfr705,Olfr701
1300,V3M3_TGAGGTTGTGCATTTG,Olfr178,Olfr67
1301,V3M3_TCATGTTGTGCATGAG,Olfr1352,Olfr67
1302,V3M3_CTATAGGTCGAGTACT,Olfr821,Olfr821
1303,V3M3_TCAGGGCTCATCACCC,Olfr524,Olfr2
1304,V3M3_ATCGTCCTCGAAGCAG,Olfr157,Olfr1328
1305,V3M3_GTCGCGACAAATCAAG,Olfr1205,Olfr1201
1306,V3M3_TCTGGCTCAGCACAAG,Olfr1195,Olfr1508
1307,V3M3_GTCTAGAAGTGAGTGC,Olfr220,Olfr1259
1308,V3M3_AGTCACACAAGCCATT,Olfr220,Olfr414
1309,V3M3_AGTCTCCCACTACCCT,Olfr3,Olfr1423
1310,V3M3_CGATGCGTCCATATGG,Olfr1336,Olfr1336
1311,V3M3_TTACTGTTCGTTCTGC,Olfr111,Olfr523
1312,V3M3_TTCAATCCAGTTAGGG,Olfr69,Olfr1328
1313,V3M3_AAATGGATCAACCTTT,Olfr1491,Olfr523
1314,V3M3_TGAATCGGTAACTTCG,Olfr1037,Olfr67
1315,V3M3_CTGCGAGAGCGCATCC,Olfr391,Olfr279
1316,V3M3_CATGCAACAGAACTTC,Olfr1271,Olfr1271
1317,V3M3_ACGTACATCTGGTCAA,Olfr1384,Olfr943
1318,V3M3_TTCCTCTTCGGCGATC,Olfr652,Olfr672
1319,V3M3_TGCTCGTAGCGGTAAC,Olfr191,Olfr1353
1320,V3M3_TGGGAAGCAGGTGACA,Olfr533,Olfr1257
1321,V3M3_CGTGCTTCACCTGAAT,Olfr78,Olfr1013
1322,V3M3_AATGGCTGTACTCGCG,Olfr1257,Olfr67
1323,V3M3_TTTCCTCCATACCGTA,Olfr142,Olfr1039
1324,V3M3_TAATTCCAGCAGCCCT,Olfr1093,Olfr1193
1325,V3M3_AACACACGTACGATCT,Olfr728,Olfr1196
1326,V3M3_TGGGCGTGTTGGATCT,Olfr1487,Olfr96
1327,V3M3_CTACCCACACTTACAG,Olfr1243,Olfr988
1328,V3M3_GTTGTGATCCTACTGC,Olfr1193,Olfr2
1329,V3M3_TCGTGGGAGGGTGGGA,Olfr1297,Olfr612
1330,V3M3_AATGAAGGTCCGGTCA,Olfr741,Olfr67
1331,V3M3_AGGGTCCTCTCCAATT,Olfr391,Olfr8
1332,V3M3_GGTGAAGTCTCATGGA,Olfr477,Olfr1112
1333,V3M3_AGGAAATAGATGACCG,Olfr1205,Olfr786
1334,V3M3_TTCCAATGTACAGGTG,Olfr1381,Olfr1392
1335,V3M3_GCGTGCAAGATAGCAT,Olfr726,Olfr1346
1336,V3M3_CTATCCGTCTTTCCGG,Olfr1336,Olfr1336
1337,V3M3_TTCCACGCATGTGGCC,Olfr12,Olfr205
1338,V3M3_TAGGTTGGTCCTTGTC,Olfr403,Olfr1193
1339,V3M3_AATCGACCACTGGACC,Olfr1392,Olfr968
1340,V3M3_TGCACGGTCTTTCCAA,Olfr798,Olfr777
1341,V3M3_GTTCGCTGTACGTACT,Olfr1184,Olfr67
1342,V3M3_CCGATGGTCAATCAGC,Olfr959,Olfr67
1343,V3M3_CACTTCGCAACGGGTA,Olfr1271,Olfr731
1344,V3M3_CTGTACCAGTGAGGTC,Olfr60,Olfr1307
1345,V3M3_GTACAGTCAAGCGAAC,Olfr610,Olfr67
1346,V3M3_AGTGTTGAGACCTTTG,Olfr175,Olfr531
1347,V3M3_CTGCTCATCTACCCAC,Olfr1191-ps1,Olfr1259
1348,V3M3_ACAACCAAGCACTCCG,Olfr984,Olfr984
1349,V3M3_CGTTCTGAGGATATGT,Olfr291,Olfr538
1350,V3M3_TCATGTTTCGGCCTTT,Olfr524,Olfr455
1351,V3M3_AGAACAATCGGCTATA,Olfr1173,Olfr523
1352,V3M3_GATGATCCAGTCAGTT,Olfr357,Olfr187
1353,V3M3_TCAATCTAGGCTTAGG,Olfr70,Olfr523
1354,V3M3_ATCCCTGGTGATGTAA,Olfr15,Olfr1193
1355,V3M3_CTGAGGCAGCCTGTCG,Olfr291,Olfr731
1356,V3M3_ACTTTCAGTGACACGA,Olfr1346,Olfr1346
1357,V3M3_AGTACTGTCATTCATC,Olfr806,Olfr522
1358,V3M3_TTGCTGCGTCCGAAGA,Olfr465-ps1,Olfr67
1359,V3M3_ACCATTTTCATCGCAA,Olfr380,Olfr1193
1360,V3M3_CAGTTAGGTCGAAACG,Olfr291,Olfr291
1361,V3M3_TGTTCTAAGTGGGAAA,Olfr212,Olfr1423
1362,V3M3_GCTTGGGTCAATCGGT,Olfr1507,Olfr1507
1363,V3M3_CCGCAAGGTGTTACTG,Olfr329,Olfr205
1364,V3M3_GGTAACTGTGCACGCT,Olfr1507,Olfr181
1365,V3M3_TTGTGTTGTGAGTGAC,Olfr1346,Olfr1346
1366,V3M3_GGGTATTAGCTGGCCT,Olfr535,Olfr1228
1367,V3M3_CCACTTGCATCCGAGC,Olfr195,Olfr1226
1368,V3M3_GTGTGGCTCCGATGCG,Olfr655,Olfr591
1369,V3M3_TTTACTGCAAGATTGA,Olfr839-ps1,Olfr67
1370,V3M3_GGTGATTCACTTGTCC,Olfr295,Olfr1307
1371,V3M3_TTGATGGAGAAGTGTT,Olfr414,Olfr541
1372,V3M3_GCAACCGCAAATGGTA,Olfr1386,Olfr1193
1373,V3M3_TGCTTCGAGCATGCAG,Olfr796,Olfr2
1374,V3M3_GGCTTTCGTTGGGATG,Olfr93,Olfr93
1375,V3M3_GCAGGCTTCCGATGTA,Olfr1262,Olfr1193
1376,V3M3_ATGGATCTCGCTTAAG,Olfr1196,Olfr1196
1377,V3M3_TTCTTGAAGCATCCTA,Olfr727,Olfr727
1378,V3M3_ACTTATCTCAGGAACG,Olfr357,Olfr205
1379,V3M3_GGTGTCGGTGCCTTTC,Olfr1199,Olfr1347
1380,V3M3_TAGGGTTCAGTCCCGA,Olfr800,Olfr769
1381,V3M3_GTCATTTCAGTTTGGT,Olfr314,Olfr1196
1382,V3M3_CATACCCCAGTCACGC,Olfr1348,Olfr205
1383,V3M3_ATTTCACGTTCGAACT,Olfr1197,Olfr67
1384,V3M3_TGGTAGTGTAGACGGT,Olfr24,Olfr523
1385,V3M3_GTCTCACGTTGAGTCT,Olfr263,Olfr1307
1386,V3M3_CAGGTATGTAGCCCTG,Olfr1152,Olfr571
1387,V3M3_TCACTATAGAAACCCG,Olfr1431,Olfr1431
1388,V3M3_GTCTCACTCATGACAC,Olfr466,Olfr1193
1389,V3M3_AGTTCGAGTCACTAGT,Olfr1321,Olfr1307
1390,V3M3_TGCATCCCATACTGTG,Olfr330,Olfr314
1391,V3M3_TGGGAAGTCGAAGCAG,Olfr391,Olfr601
1392,V3M3_AATGGAATCCTACAAG,Olfr969,Olfr67
1393,V3M3_AGGAATAGTTCGGCTG,Olfr1396,Olfr2
1394,V3M3_TGTACAGTCAAGCCCG,Olfr8,Olfr1307
1395,V3M3_GTAGATCAGACTCTTG,Olfr472,Olfr67
1396,V3M3_GTTCGCTCAGCACAAG,Olfr1039,Olfr601
1397,V3M3_GTCAAGTAGTTAGAAC,Olfr620,Olfr67
1398,V3M3_TGTACAGGTCATCTAG,Olfr536,Olfr1509
1399,V3M3_GTTCTATCAGAATGTA,Olfr1284,Olfr1419
1400,V3M3_CATTTCAGTCCAAAGG,Olfr1039,Olfr1039
1401,V3M3_TCGCACTGTATATGGA,Olfr1110,Olfr1110
1402,V3M3_CGGAGAAAGCATATGA,Olfr1233,Olfr67
1403,V3M3_CTTCCTTAGGCTATCT,Olfr49,Olfr715b
1404,V3M3_TTTCCTCAGTGGTGAC,Olfr506,Olfr67
1405,V3M3_GTGTTCCTCCTATTTG,Olfr741,Olfr1259
1406,V3M3_GCAGCTGGTTGAGGAC,Olfr652,Olfr661
1407,V3M3_TCATCATGTTAGAAAC,Olfr727,Olfr1013
1408,V3M3_TGGTACACAGTGGGTA,Olfr1226,Olfr1226
1409,V3M3_TATCAGGAGGAACGAA,Olfr67,Olfr67
1410,V3M3_ATACCTTGTGAACTAA,Olfr309,Olfr1346
1411,V3M3_AAGCGTTAGCGTCTGC,Olfr740,Olfr12
1412,V3M3_TGTCAGACACCGCTGA,Olfr538,Olfr1193
1413,V3M3_GGACGTCAGTAGGGTC,Olfr666,Olfr601
1414,V3M3_CATGAGTTCACCCTGT,Olfr60,Olfr67
1415,V3M3_TGCAGTACAAGTGACG,Olfr370,Olfr1193
1416,V3M3_CTACATTAGAGCTGCA,Olfr1148,Olfr1193
1417,V3M3_CTACTATAGCCAGAGT,Olfr1284,Olfr1214
1418,V3M3_GTCATTTAGTCTGCAT,Olfr1346,Olfr1346
1419,V3M3_CAGCGTGGTTCAATCG,Olfr959,Olfr1346
1420,V3M3_GTCAAACTCATGTCTT,Olfr1344,Olfr67
1421,V3M3_AGCGCCAAGGTCACTT,Olfr539,Olfr539
1422,V3M3_AAGGTAAGTTGCCGCA,Olfr984,Olfr984
1423,V3M3_GAGGCCTGTGTTCCTC,Olfr15,Olfr1226
1424,V3M3_TCATTACCATGGCGCT,Olfr61,Olfr12
1425,V3M3_AGGAAATCACAGTATC,Olfr46,Olfr67
1426,V3M3_ACACTGATCCTTATCA,Olfr330,Olfr314
1427,V3M3_GCTTGGGCACTGAGGA,Olfr390,Olfr1193
1428,V3M3_ATTACCTAGCGACTGA,Olfr286,Olfr170
1429,V3M3_ACAGCCGGTAGCTGTT,Olfr309,Olfr525
1430,V3M3_TGGCGTGCATCGTGCG,Olfr222,Olfr111
1431,V3M3_CTATAGGAGTCGAAGC,Olfr1406,Olfr448
1432,V3M3_TGTCAGAAGATCCCGC,Olfr325,Olfr1116
1433,V3M3_GCTACAACAGTTGTCA,Olfr1261,Olfr220
1434,V3F1_GTCCTCAGTGATGAAT,Olfr1427,Olfr984
1435,V3F1_TCATGTTAGGACTGGT,Olfr1348,Olfr1307
1436,V3F1_CGTTGGGGTAGACGTG,Olfr167,Olfr138
1437,V3F1_CACACAATCACTCACC,Olfr1257,Olfr1303
1438,V3F1_CCATAAGGTAACCCTA,Olfr1501,Olfr205
1439,V3F1_CAATTTCTCAGCGCGT,Olfr1030,Olfr67
1440,V3F1_AAGCGTTCATACATCG,Olfr43,Olfr1193
1441,V3F1_TGGTACATCTGCATAG,Olfr166,Olfr731
1442,V3F1_GATCAGTTCATCCTAT,Olfr777,Olfr1318
1443,V3F1_GGTAATCAGTCTCTGA,Olfr1226,Olfr1013
1444,V3F1_CATTTCAAGCTGTTAC,Olfr1226,Olfr67
1445,V3F1_TTCTTCCTCAGGAAAT,Olfr1123,Olfr1491
1446,V3F1_CCCTCAACACGCTGCA,Olfr1387,Olfr1303
1447,V3F1_GGGTCACTCCCTCATG,Olfr1112,Olfr1307
1448,V3F1_GAAGCGACAATGAACA,Olfr138,Olfr187
1449,V3F1_CAGAGCCTCGTTAGAC,Olfr984,Olfr984
1450,V3F1_GCTGAATGTCGTTATG,Olfr357,Olfr205
1451,V3F1_GCAGTTAGTGCAGATG,Olfr1283,Olfr2
1452,V3F1_AGGTCTAGTGCTCTTC,Olfr1348,Olfr205
1453,V3F1_TCGCTCACACTATCCC,Olfr142,Olfr943
1454,V3F1_GTGGAAGCATATTCGG,Olfr1260,Olfr279
1455,V3F1_CACTTCGTCTTACCGC,Olfr477,Olfr1205
1456,V3F1_TGCAGATGTACCCGCA,Olfr1205,Olfr1256
1457,V3F1_TGGGCTGAGGGACCAT,Olfr728,Olfr281
1458,V3F1_TTGTTGTAGCCGTTAT,Olfr970,Olfr731
1459,V3F1_GGCTGTGTCGCTGTTC,Olfr17,Olfr1271
1460,V3F1_CTTAGGAGTCACCGCA,Olfr1386,Olfr205
1461,V3F1_ATTCTACGTTTGTTCT,Olfr722,Olfr67
1462,V3F1_GGGACAATCAGTCAGT,Olfr136,Olfr1303
1463,V3F1_CTCCCAACAAGCGATG,Olfr1213,Olfr1322
1464,V3F1_TTGTGGATCGACCATA,Olfr1291-ps1,Olfr715b
1465,V3F1_GACTTCCAGCCGTTAT,Olfr727,Olfr533
1466,V3F1_GTGAGGATCAACACCA,Olfr1026,Olfr1346
1467,V3F1_ATTGGGTCACGGAAGT,Olfr1028,Olfr205
1468,V3F1_GGGTTATTCCTAACAG,Olfr1209,Olfr1013
1469,V3F1_GATGGAGTCCCTCTCC,Olfr1226,Olfr309
1470,V3F1_TGCTGAACAAGGTACG,Olfr303,Olfr1307
1471,V3F1_TCGACGGGTTTCTATC,Olfr933,Olfr67
1472,V3F1_GTCATCCCAATCCTAG,Olfr1382,Olfr1193
1473,V3F1_AGCGCCAAGAGTTGAT,Olfr729,Olfr1346
1474,V3F1_TTGGATGAGCCTGGAA,Olfr1307,Olfr1307
1475,V3F1_TGATCAGCACCCTTAC,Olfr164,Olfr1217
1476,V3F1_CTCACTGAGTTGTACC,Olfr31,Olfr1193
1477,V3F1_CATCCCACAACTCCCT,Olfr527,Olfr527
1478,V3F1_GAGAGGTCATCGGATT,Olfr209,Olfr1416
1479,V3F1_CATCAAGGTGATAGTA,Olfr1239,Olfr1312
1480,V3F1_TGATGCACAAGAGGTC,Olfr214,Olfr67
1481,V3F1_ACTGTCCGTGCTATTG,Olfr539,Olfr1336
1482,V3F1_AAGCCATTCGACCATA,Olfr1,Olfr205
1483,V3F1_GGCTTGGCAATGAGCG,Olfr1228,Olfr1228
1484,V3F1_TACCTGCGTATGACAA,Olfr1348,Olfr67
1485,V3F1_ATGCCTCTCTTACGTT,Olfr15,Olfr56
1486,V3F1_TTCATTGAGAAACTCA,Olfr1240,Olfr1307
1487,V3F1_CCACGAGGTGCCGTAC,Olfr705,Olfr1346
1488,V3F1_TCAGCAACATATGGCT,Olfr788,Olfr1239
1489,V3F1_GTGAGTTGTGGTACAG,Olfr1124,Olfr731
1490,V3F1_CAGCAATTCCTTGGAA,Olfr322,Olfr988
1491,V3F1_CGGAGAAAGAGGATGA,Olfr1262,Olfr1346
1492,V3F2_ATAGACCGTGGAACCA,Olfr1254,Olfr1196
1493,V3F2_TTGTGGAGTATTTCCT,Olfr437,Olfr1046
1494,V3F2_TGTAGACGTGGATACG,Olfr272,Olfr1330
1495,V3F2_AGATCCAGTAGTCGTT,Olfr1489,Olfr394
1496,V3F2_TTCATTGTCGACATTG,Olfr2,Olfr2
1497,V3F2_ACGGTTAAGTACAGCG,Olfr370,Olfr455
1498,V3F2_ACTATGGGTTCGATTG,Olfr1215,Olfr67
1499,V3F2_CAATTTCAGAACAAGG,Olfr1507,Olfr205
1500,V3F2_GGAAGTGAGCTGGTGA,Olfr847,Olfr1046
1501,V3F2_GTAATCGTCATTCGTT,Olfr740,Olfr315
1502,V3F2_ATTCGTTTCTCAGTCC,Olfr110,Olfr15
1503,V3F2_ATGGGTTGTCCGGACT,Olfr788,Olfr365
1504,V3F2_CTTCGGTGTTCAGCTA,Olfr1206,Olfr67
1505,V3F2_CATCCCACACAAAGCG,Olfr816,Olfr669
1506,V3F2_AGGTCATGTGCGTGCT,Olfr1213,Olfr1307
1507,V3F2_AGGACTTCAGCGTTGC,Olfr1123,Olfr1336
1508,V3F2_CTCGAGGGTCGGCCTA,Olfr1260,Olfr67
1509,V3F2_TCACGGGGTTCAGTAC,Olfr389,Olfr1193
1510,V3F2_AACCATGAGTAATTGG,Olfr1426,Olfr390
1511,V3F2_GGTAGAGTCCTACGGG,Olfr836,Olfr766-ps1
1512,V3F2_TCAAGCATCAGTAGGG,Olfr1080,Olfr1080
1513,V3F2_TAACACGAGGTGCAGT,Olfr1427,Olfr1346
1514,V3F2_ACGGAAGCAGCACACC,Olfr1100,Olfr523
1515,V3F2_TGCAGTATCCCAACTC,Olfr477,Olfr1346
1516,V3F2_GATTCTTCAGCACAAG,Olfr533,Olfr1013
1517,V3F2_CCTCATGTCATCGACA,Olfr1348,Olfr1193
1518,V3F2_GACAGCCGTAACTGCT,Olfr727,Olfr1036
1519,V3F2_GGCTTGGGTCCGCAGT,Olfr729,Olfr1346
1520,V3F2_TGGGAGAAGTAAACAC,Olfr742,Olfr56
1521,V3F2_ACTTATCCACTGTCCT,Olfr1213,Olfr281
1522,V3F2_ATTTACCAGTCATTGC,Olfr1229,Olfr1193
1523,V3F2_CCACTTGTCGTAGGGA,Olfr536,Olfr97
1524,V3F2_AACTTCTCATACAGGG,Olfr361,Olfr67
1525,V3F2_GTCAGCGGTGGGCTCT,Olfr168,Olfr370
1526,V3F2_TCATGAGCAGCTAACT,Olfr743,Olfr1508
1527,V3F2_ACAGAAAAGCCGTTGC,Olfr48,Olfr1346
1528,V3F2_ACAGCCGGTTGTCTAG,Olfr6,Olfr2
1529,V3F2_CTCCCAACACTTTATC,Olfr6,Olfr205
1530,V3F2_GTTCCGTCAGCGTGCT,Olfr309,Olfr1013
1531,V3F2_TTCATGTAGGGTATAT,Olfr314,Olfr1192-ps1
1532,V3F2_TCACTATTCTCTCGAC,Olfr801,Olfr1423
1533,V3F2_TCCAGAATCAAGCTTG,Olfr1200,Olfr279
1534,V3F2_CTGTGGGAGATTGACA,Olfr195,Olfr67
1535,V3F2_TTGGGTACAATGACCT,Olfr788,Olfr731
1536,V3F2_TGCAGGCCAGGGACTA,Olfr1247,Olfr1193
1537,V3F2_AGCGTATTCCAACCGG,Olfr835,Olfr1431
1538,V3F2_GTGTGATTCAAGCCAT,Olfr1348,Olfr1348
1539,V3F2_ATTTCTGAGCCTCAGC,Olfr1299,Olfr205
1540,V3F2_TTAGGCAGTAGGACTG,Olfr1325,Olfr1311
1541,V3F2_CAGTTAGGTACAACGG,Olfr1330,Olfr1330
1542,V3F2_TACTGCCAGACTCTTG,Olfr1348,Olfr1193
1543,V3F2_CATTTCATCGAGCTGC,Olfr1391,Olfr1307
1544,V3F2_AGGGCCTTCATTCGTT,Olfr972,Olfr943
1545,V3F2_GAAATGACACCTCGTT,Olfr1252,Olfr731
1546,V3F2_AATTCCTCAGGCCCTA,Olfr25,Olfr523
1547,V3F2_GGGTGAAGTGCTCGTG,Olfr167,Olfr2
1548,V3F2_GTGAGCCGTAGTGTGG,Olfr1196,Olfr360
1549,V3F2_GATCATGGTTGGTACT,Olfr1307,Olfr1303
1550,V3F2_AGGCCACCACGGTAGA,Olfr1440,Olfr67
1551,V3F2_TCGCACTTCAACCTTT,Olfr1213,Olfr287
1552,V3F2_CAATACGGTTGTCCCT,Olfr191,Olfr205
1553,V3F2_ACTGCAAAGGGAGTTC,Olfr281,Olfr1346
1554,V3F3_ACACGCGGTTGAATCC,Olfr1280,Olfr205
1555,V3F3_TCGGTCTAGACCAACG,Olfr1256,Olfr720
1556,V3F3_GCGTGCAGTATGATCC,Olfr1352,Olfr177
1557,V3F3_TGTTGAGCAATCGCGC,Olfr820,Olfr1228
1558,V3F3_CCGGGTAAGCATGGGT,Olfr1276,Olfr1346
1559,V3F3_TACCCACGTACGACTT,Olfr1348,Olfr180
1560,V3F3_GATGTTGTCGTAATGC,Olfr740,Olfr93
1561,V3F3_TAGGGTTAGCTCACTA,Olfr1110,Olfr943
1562,V3F3_TGAGGAGCAAAGACTA,Olfr805,Olfr1336
1563,V3F3_CGCAGGTCAGCAGTGA,Olfr533,Olfr15
1564,V3F3_CATACCCGTTAAAGTG,Olfr160,Olfr67
1565,V3F3_CCACGAGCAGGACATG,Olfr732,Olfr1100
1566,V3F3_GCCTGTTGTGTCCACG,Olfr1387,Olfr56
1567,V3F3_ATGGGAGCAACACTAC,Olfr776,Olfr1318
1568,V3F3_GAAGCGACAAATGGTA,Olfr455,Olfr731
1569,V3F3_AACACACCATCGAACT,Olfr1238,Olfr535
1570,V3F3_CTTTCGGCACGACGCT,Olfr539,Olfr731
1571,V3F3_CTCCCTCTCCGATCTC,Olfr1009,Olfr1026
1572,V3F3_CCCTCTCGTACTCGCG,Olfr398,Olfr1193
1573,V3F3_TGACCCTGTTCGCGTG,Olfr1426,Olfr1307
1574,V3F3_TTGGGATCAGTCAGTT,Olfr1358,Olfr1303
1575,V3F3_GTAATGCCAAATGCTC,Olfr1305,Olfr360
1576,V3F3_AGGGCCTCAAGGTACG,Olfr31,Olfr984
1577,V3F3_TATCCTACACGTAGTT,Olfr279,Olfr1196
1578,V3F3_ACGGTTAAGGATGTTA,Olfr1213,Olfr1346
1579,V3F3_AGCTTCCGTTTACTTC,Olfr1507,Olfr1346
1580,V3F3_GAAGCCCGTGTTAGCT,Olfr594,Olfr67
1581,V3F3_CCATAAGGTCGATTCA,Olfr1271,Olfr1271
1582,V3F3_CAACAACAGGTTACCT,Olfr449,Olfr1307
1583,V3F3_AGTGACTCATTGACTG,Olfr722,Olfr2
1584,V3F3_CTGTATTCACAAGCCC,Olfr1440,Olfr67
1585,V3F3_TTTGACTGTCTAATCG,Olfr1196,Olfr1307
1586,V3F3_TGCTGAACAAATGCTC,Olfr224,Olfr1346
1587,V3F3_TCGTAGAGTCTCAGAT,Olfr1213,Olfr1322
1588,V3F3_GCGGATCCAATGTGGG,Olfr391,Olfr295
1589,V3F3_GCCAACGTCTTTCCAA,Olfr53,Olfr1303
1590,V3F3_GTGGAGAAGATCGACG,Olfr47,Olfr205
1591,V3F3_TGAATCGTCCGTGGGT,Olfr1080,Olfr1197
1592,V3F3_TCGTCCACACCTTCCA,Olfr1116,Olfr731
1593,V3F3_CAATGACGTCGCGTTG,Olfr715,Olfr731
1594,V3F3_CCTCTCCGTCACTACA,Olfr1206,Olfr1193
1595,V3F3_AGACCATAGAGTCAAT,Olfr1346,Olfr1346
1596,V3F3_TAGGTACCAAGACGAC,Olfr538,Olfr523
1597,V3F3_CTACCCAAGAAGTCTA,Olfr177,Olfr290
1598,V3F3_TGAGCATAGCCTTGAT,Olfr403,Olfr1318
1599,V3F3_CAACCTCCATAGGCGA,Olfr171,Olfr60
1600,V3F3_AACGTCATCCTCACTG,Olfr1042,Olfr1307
1601,V3F3_AGTGATCGTAGATCCT,Olfr1232,Olfr1336
1602,V3F3_GTGATGTCAAAGCGTG,Olfr1347,Olfr220
1603,V3F3_GCGTGCACAGGCGATA,Olfr804,Olfr360
1604,V3F3_TACGGTATCCATTTCA,Olfr329,Olfr1228
1605,V3F3_TCTGCCATCAATCTTC,Olfr455,Olfr67
1606,V3F3_CACGTTCTCATGAGTC,Olfr1219,Olfr571
1607,V3F3_CCTCACAAGAGATTCA,Olfr173,Olfr67
1608,V3F3_AACCTTTGTGGATACG,Olfr1222,Olfr360
1609,V3F3_GTTGAACAGACGGTCA,Olfr1238,Olfr357
1610,V3F3_CACCGTTGTAGCTTAC,Olfr1204,Olfr1195
1611,V3F3_AGTCAACCACGAAGAC,Olfr727,Olfr727
1612,V3F3_AGGATAAAGTGCTACT,Olfr1508,Olfr1346
1613,V3F3_CTATCCGCAGCGGTTC,Olfr1176,Olfr1039
1614,V3F3_ACCCTCAAGAGGCCAT,Olfr1225,Olfr365
1615,V3F3_TGATGGTTCTCCTACG,Olfr786,Olfr786
1616,V3F3_GGTTGTACATTCTTCA,Olfr722,Olfr1228
1617,V3F3_ATTCCCGAGATCGCTT,Olfr1260,Olfr1193
1618,V3F3_AATCACGGTTGCTGAT,Olfr53,Olfr53
1619,V3F3_GCGTGCACACCAGCGT,Olfr1321,Olfr1201
1620,V3F3_TGCGACGAGCTATCCA,Olfr171,Olfr170
1621,V3F3_GTATTGGCAGTCGCAC,Olfr704,Olfr1193
1622,V3F3_TGTGATGTCGTAACTG,Olfr170,Olfr1311
1623,V3F3_ACGGTCGGTGCATTAC,Olfr370,Olfr1349
1624,V3F3_TGAGGGAGTTCAAAGA,Olfr167,Olfr731
1625,V3F3_TACACCCGTTCCAGGC,Olfr1348,Olfr794
1626,V3F3_GTAGGTTCAATTGCTG,Olfr1471,Olfr1196
1627,V3F3_GTGCACGGTTGCCAAT,Olfr706,Olfr67
1628,V3F3_CATCCCACATGGGTCC,Olfr214,Olfr1201
1629,V3F3_TCTCAGCGTTCGGCTG,Olfr582,Olfr1045
1630,V3F3_TCATTACGTCGCTGCA,Olfr789,Olfr1307
1631,V3F3_TTCAGGAAGCCTCTTC,Olfr805,Olfr787
1632,V3F3_GAGTCTACAGCTGAGA,Olfr1097,Olfr67
1633,V3F3_AGCTCAAGTGGATACG,Olfr1118,Olfr943
1634,V3F3_GTAACACCAGCACAGA,Olfr1312,Olfr1346
1635,V3F3_AGCGATTTCGAAGCCC,Olfr308,Olfr1328
1636,V3F3_CCGTTCACATCCTGTC,Olfr741,Olfr1346
1637,V3F3_GTCAAGTTCCCGAGGT,Olfr1042,Olfr3
1638,V3F3_CATGCTCCACTATCCC,Olfr816,Olfr452
1639,V3F3_CATGGATTCTAAGCGT,Olfr1426,Olfr984
1640,V3F3_TTTAGTCTCGCCTAGG,Olfr1382,Olfr1336
1641,V3F3_ATAGACCGTCGAGTTT,Olfr1093,Olfr56
1642,V3F3_ACAACCAGTATAGGGC,Olfr49,Olfr157
1643,V3F3_CATGCGGAGAGCAAGA,Olfr722,Olfr731
1644,V3F3_CTCACTGCAAACTAGA,Olfr541,Olfr1193
1645,V3F3_CGAATTGCAAATGGCG,Olfr1303,Olfr1317
1646,V3F3_CATAGACGTCGGAAAC,Olfr1411,Olfr1303
1647,V3F3_CTATAGGCACCTGAAT,Olfr727,Olfr727
1648,V3F3_CTGAGCGCACAAGCTT,Olfr1428,Olfr1193
1649,V3F3_TTAGTCTGTATTGAGA,Olfr295,Olfr1440
1650,V3F3_CTATCTACATCTTCGC,Olfr1336,Olfr60
1651,V3M1_GCCAACGAGATACGAT,Olfr705,Olfr67
1652,V3M1_TATGTTCTCAAGGCTT,Olfr653,Olfr67
1653,V3M1_CGTAATGCAGAATCGG,Olfr1257,Olfr1257
1654,V3M1_TCCACGTTCTTTGGAG,Olfr76,Olfr322
1655,V3M1_GAGATGGAGGTCGAGT,Olfr750,Olfr731
1656,V3M1_TCATTCACAGGCAATG,Olfr1009,Olfr701
1657,V3M1_CCTTGTGCAACGGTAG,Olfr390,Olfr390
1658,V3M1_GTGAGGACAACAGCCC,Olfr1200,Olfr67
1659,V3M1_TGCTTGCTCAGCAATC,Olfr1507,Olfr1507
1660,V3M1_GGCTTGGAGTATTAGG,Olfr193,Olfr1193
1661,V3M1_CACGTGGAGTCATACC,Olfr1213,Olfr67
1662,V3M1_GGTAATCCATGCCATA,Olfr2,Olfr720
1663,V3M1_CTCCATGGTGAAGCGT,Olfr49,Olfr1193
1664,V3M1_TCATTGTCACTTGGCG,Olfr130,Olfr67
1665,V3M1_TGGAGAGGTATTGCCA,Olfr1491,Olfr1193
1666,V3M1_TTCATGTAGATGGCAC,Olfr1195,Olfr1346
1667,V3M1_TAAGCGTGTCGGCCTA,Olfr738,Olfr67
1668,V3M1_GCACATATCGCATTAG,Olfr1291-ps1,Olfr974
1669,V3M1_AGTAACCCAAATTGGA,Olfr117,Olfr1336
1670,V3M1_GTGTTCCCATCGTTCC,Olfr1392,Olfr1226
1671,V3M1_GTTATGGGTAAGATTG,Olfr1226,Olfr67
1672,V3M1_ATGTCCCTCCGTGTGG,Olfr169,Olfr1126
1673,V3M1_AGGGTCCTCTTCACAT,Olfr1344,Olfr1303
1674,V3M1_TTCACCGTCTCCAATT,Olfr417,Olfr859
1675,V3M1_AAGCGTTTCCTGTACC,Olfr740,Olfr12
1676,V3M1_TGCAGATAGGCCTTGC,Olfr1241,Olfr67
1677,V3M1_GAATCACGTTGTAGCT,Olfr24,Olfr1201
1678,V3M1_TCATTACTCAGTCAGT,Olfr1030,Olfr1026
1679,V3M1_TACCGGGGTCCGACGT,Olfr463,Olfr531
1680,V3M1_ACGATCAAGGACAGTC,Olfr3,Olfr963
1681,V3M1_TCGAACAGTTCCTAAG,Olfr609,Olfr67
1682,V3M1_GTTTACTGTATGGGAC,Olfr1260,Olfr1228
1683,V3M1_GATCCCTGTACAGGTG,Olfr550,Olfr67
1684,V3M1_CGGAACCTCCTACTGC,Olfr157,Olfr281
1685,V3M1_ATTTCACCAGATACTC,Olfr1247,Olfr67
1686,V3M1_GAGCCTGGTAGTGGCA,Olfr1326-ps1,Olfr775
1687,V3M1_TGATGCAAGAAGTGTT,Olfr6,Olfr67
1688,V3M1_TGATCTTTCACATACG,Olfr1428,Olfr67
1689,V3M1_CTGCATCAGGATACAT,Olfr1260,Olfr1211
1690,V3M1_TCCGAAATCTGTAACG,Olfr459,Olfr1317
1691,V3M1_GTAGATCGTGTATTCG,Olfr351,Olfr988
1692,V3M1_ACCTGTCGTTGTGTTG,Olfr1209,Olfr67
1693,V3M1_TTGGGCGAGGCTAGCA,Olfr851,Olfr67
1694,V3M1_CTGGACGCACCAGGTC,Olfr168,Olfr1193
1695,V3M1_AGGTTACAGGGAGTTC,Olfr731,Olfr731
1696,V3M1_GTGTAACTCCGCAAAT,Olfr1110,Olfr67
1697,V3M1_TGGATCATCCTTCACG,Olfr1344,Olfr731
1698,V3M1_CGAGTTATCCTCCACA,Olfr77,Olfr1155
1699,V3M1_CTACATTCAAATGAAC,Olfr6,Olfr1193
1700,V3M1_GTGACGCCACTCACTC,Olfr417,Olfr1322
1701,V3M1_GTTATGGAGCCGATCC,Olfr1204,Olfr1193
1702,V3M1_GCGATCGAGGCTCCCA,Olfr1217,Olfr67
1703,V3M1_TGTGATGGTGCCGAAA,Olfr873,Olfr1228
1704,V3M1_TCGAACACACCAATTG,Olfr286,Olfr1204
1705,V3M1_GTGCAGCGTAGAGCTG,Olfr878,Olfr67
1706,V3M1_AGTAACCGTATGTCTG,Olfr1116,Olfr287
1707,V3M1_GCTCAAAGTGTGCTTA,Olfr698,Olfr67
1708,V3M1_CAGATTGCAGTTGAAA,Olfr722,Olfr1193
1709,V3M1_AAATGGAGTAAGGCTG,Olfr872,Olfr963
1710,V3M1_GATGACTGTCTGCCTT,Olfr365,Olfr365
1711,V3M2_CGCCAGAAGTAGACAT,Olfr910,Olfr1012
1712,V3M2_TTCGCTGAGTGCGTCC,Olfr726,Olfr67
1713,V3M2_GGTAACTGTCAACCTA,Olfr612,Olfr591
1714,V3M2_CTCTGGTGTCTACAAC,Olfr1385,Olfr1346
1715,V3M2_TCCTTCTGTGGGATTG,Olfr350,Olfr961
1716,V3M2_TGCACGGCAAGGTTGG,Olfr1184,Olfr1196
1717,V3M2_ACTTTGTGTGTTTCTT,Olfr477,Olfr1193
1718,V3M2_CGTCAAAAGAGCCCAA,Olfr921,Olfr285
1719,V3M2_TGGATCACAATAGAGT,Olfr209,Olfr1307
1720,V3M2_AGGATCTAGATAGGGA,Olfr1178,Olfr859
1721,V3M2_TAATCTCCATACATCG,Olfr169,Olfr535
1722,V3M2_ATCCTATAGTCATTGC,Olfr1423,Olfr731
1723,V3M2_TGATGCAGTACTTCCC,Olfr789,Olfr1303
1724,V3M2_TTTACTGGTGCCGAAA,Olfr291,Olfr701
1725,V3M2_CAGATACGTCGCATGC,Olfr741,Olfr701
1726,V3M2_CAGATACTCACCATCC,Olfr1294,Olfr1346
1727,V3M2_ATGCGATGTGTTAACC,Olfr1036,Olfr67
1728,V3M2_AGTCATGAGTAGACCG,Olfr167,Olfr205
1729,V3M2_CAATACGCATCCGAAT,Olfr539,Olfr731
1730,V3M2_CTTCCGACATTCAGGT,Olfr167,Olfr1346
1731,V3M2_TCGCACTTCTCCTGAC,Olfr52,Olfr67
1732,V3M2_TGTTTGTCACAATGTC,Olfr592,Olfr654
1733,V3M2_ATTCACTCAAGAGCTG,Olfr694,Olfr612
1734,V3M2_GGGTATTCACGCACCA,Olfr285,Olfr1100
1735,V3M2_ATCCGTCTCAAAGGAT,Olfr145,Olfr67
1736,V3M2_CAGATCAGTGGTGATG,Olfr166,Olfr67
1737,V3M2_GACGCTGGTAGGACTG,Olfr652,Olfr669
1738,V3M2_GAGCTGCGTGACTAAA,Olfr1192-ps1,Olfr1228
1739,V3M2_ACAGAAAAGCTGAAGC,Olfr728,Olfr1193
1740,V3M2_TCAGGGCGTTGGGAAC,Olfr1359,Olfr1336
1741,V3M2_CGAGTGCGTTAGAAAC,Olfr729,Olfr1346
1742,V3M2_AGAAGCGGTGGACTAG,Olfr1491,Olfr1193
1743,V3M2_AGATAGACAGTGCCTG,Olfr1359,Olfr67
1744,V3M2_ACAACCAGTAGAAACT,Olfr1214,Olfr314
1745,V3M2_ACCACAATCGAAATCC,Olfr48,Olfr731
1746,V3M2_GGAATCTCAGACAAGC,Olfr716,Olfr1346
1747,V3M2_CACGTTCAGGCAGGTT,Olfr1229,Olfr1307
1748,V3M2_CATCCGTCACTCTGCT,Olfr96,Olfr67
1749,V3M2_ACTTCGCTCTCGGTCT,Olfr1257,Olfr1193
1750,V3M2_TGCTGAACATAATCCG,Olfr1042,Olfr67
1751,V3M2_TCGGGCATCATGCATG,Olfr536,Olfr1263
1752,V3M2_AACTTCTTCTAGTCAG,Olfr1184,Olfr1303
1753,V3M2_GGTAACTGTAACAGGC,Olfr1228,Olfr1228
1754,V3M2_TAAGCGTCATCGATAC,Olfr1297,Olfr205
1755,V3M2_TTAATCCCATCGATGT,Olfr166,Olfr1286
1756,V3M2_TGTTCTACATAGCTGT,Olfr309,Olfr1346
1757,V3M3_GTGCACGGTCCAACGC,Olfr1301,Olfr1100
1758,V3M3_GTAGAAAAGTCGTCTA,Olfr1206,Olfr764-ps1
1759,V3M3_CTATAGGCACACTTAG,Olfr291,Olfr988
1760,V3M3_CTAGGTAGTATCAGGG,Olfr1232,Olfr731
1761,V3M3_AATGGCTTCGTTCGCT,Olfr1264,Olfr731
1762,V3M3_TGTTCCGCATGGATCT,Olfr672,Olfr591
1763,V3M3_CCTGCATCAACGATCT,Olfr1123,Olfr1322
1764,V3M3_ATTCCCGCAGTCCGTG,Olfr1340,Olfr67
1765,V3M3_ACGTTCCCATCGATAC,Olfr239,Olfr1425
1766,V3M3_ATCCCTGCACATCATG,Olfr24,Olfr591
1767,V3M3_CCGGGTAAGTTCGGTT,Olfr1016,Olfr67
1768,V3M3_TTCGGTCTCTGGCCTT,Olfr1262,Olfr984
1769,V3M3_GATAGAAAGTCCCAAT,Olfr370,Olfr2
1770,V3M3_TTGCATTAGTCTTGGT,Olfr610,Olfr67
1771,V3M3_TGCCGAGCATATCTCT,Olfr821,Olfr769
1772,V3M3_TCTTGCGGTCATCGCG,Olfr1301,Olfr1303
1773,V3M3_TCCAGAAAGAAGCCTG,Olfr1243,Olfr67
1774,V3M3_ACACCAAAGAAACTAC,Olfr1302,Olfr961
1775,V3M3_GGGCGTTAGTGAATAC,Olfr360,Olfr360
1776,V3M3_AGCTCAAAGGGAGGGT,Olfr1253,Olfr1271
1777,V3M3_TAGGTTGAGAGAGGTA,Olfr533,Olfr67
1778,V3M3_CTCATCGGTTGTGTAC,Olfr788,Olfr1316
1779,V3M3_ATTACCTCAGATACTC,Olfr743,Olfr60
1780,V3M3_GGAGCAAGTCTCGCGA,Olfr263,Olfr1336
1781,V3M3_CTGTGAAGTGTAGGAC,Olfr655,Olfr591
1782,V3M3_CTGAGCGAGAGCAACC,Olfr315,Olfr1318
1783,V3M3_TTCTAGTTCCGTACGG,Olfr1321,Olfr67
1784,V3M3_GCGGATCGTAAGTTGA,Olfr669,Olfr661
1785,V3M3_CTATCTAAGGATACCG,Olfr527,Olfr525
1786,V3M3_CGCAGGTTCCACTAGA,Olfr1143,Olfr67
1787,V3M3_GGTAGAGCAAGGCAAC,Olfr1239,Olfr1307
1788,V3M3_TGTAAGCGTACAGAAT,Olfr1382,Olfr205
1789,V3M3_TTCTTGATCTCTCGCA,Olfr1389,Olfr417
1790,V3M3_GGGACTCGTATCCTCC,Olfr309,Olfr56
1791,V3M3_GATCACAAGGTAAGAG,Olfr1120,Olfr1239
1792,V3M3_CATTCTAAGTCTGCGC,Olfr868,Olfr538
1793,V3M3_ACCCAAACAGATACTC,Olfr810,Olfr3
1794,V3M3_CACCGTTCATTGACCA,Olfr193,Olfr140
1795,V3M3_CTGCCTAAGCAACTCT,Olfr612,Olfr67
1796,V3M3_GTCGCGATCGAGTACT,Olfr1025-ps1,Olfr591
1797,V3M3_GACTCTCTCCCTCTAG,Olfr1173,Olfr699
1798,V3M3_GTAATCGAGCTTCGTA,Olfr1347,Olfr1107
1799,V3M3_TTGCTGCAGTAAAGCT,Olfr699,Olfr1303
1800,V3M3_TGGAGAGCACGTAGAG,Olfr1361,Olfr654
1801,V3M3_TCACATTTCTCGGTAA,Olfr391,Olfr67
1802,V3M3_GGGAGTAGTGATTCTG,Olfr168,Olfr1013
1803,V3M3_GGGTCACTCCAAGCAT,Olfr1358,Olfr591
1804,V3M3_TTGCGTCCAGCTACAT,Olfr170,Olfr1196
1805,V3M3_GATCGTATCGATGCTA,Olfr1178,Olfr1307
1806,V3M3_GCGGATCTCTGCCTGT,Olfr222,Olfr1419
1807,V3M3_TCGGGACGTGACAGCA,Olfr728,Olfr1193
1808,V3M3_GACCAATCAATCTCTT,Olfr15,Olfr731
1809,V3M3_GACTATGTCGCCGTGA,Olfr1241,Olfr1193
1810,V3M3_ATCGTGATCCTGTTGC,Olfr584,Olfr67
1811,V3M3_GAATCGTCAGATTAAG,Olfr1348,Olfr984
1812,V3M3_TTGGGATCACATGGTT,Olfr1242,Olfr1346
1813,V3M3_GTGTAACTCCGAGATT,Olfr374,Olfr67
1814,V3M3_AATAGAGTCGATAACC,Olfr457,Olfr67
1815,V3M3_ACCCTCAAGGGTCACA,Olfr727,Olfr1262
1816,V3M3_AGGATCTGTTTAGAGA,Olfr220,Olfr220
1817,V3M3_ACATCGATCGTGTCAA,Olfr1317,Olfr731
1818,V3M3_CCTCATGGTGAGCCAA,Olfr173,Olfr1193
1819,V3M3_ATGAGTCGTGGACCAA,Olfr1242,Olfr2
1820,V3M3_GCGATCGTCCGAGCTG,Olfr1507,Olfr1396
1821,V3M3_GTGGGAAGTTGTGGAG,Olfr132,Olfr1346
1822,V3M3_GGCACGTAGATTGATG,Olfr354,Olfr1322
1823,V3M3_CGTGTCTAGCAGTCTT,Olfr665,Olfr67
1824,V3M3_TGATCAGTCTACTCAT,Olfr1215,Olfr1193
1825,V3M3_TGATCAGGTGGCTCTG,Olfr6,Olfr786
1826,V3M3_TTGGGATGTGCCGTTG,Olfr12,Olfr527
1827,V3M3_TGAATGCGTCATAACC,Olfr1214,Olfr67
1828,V3M3_TCCCATGGTATTGGCT,Olfr1195,Olfr1195
1829,V3M3_GTTCTATCAGGGTTGA,Olfr1513,Olfr67
1830,V3M3_TTTGTTGAGGGACACT,Olfr1325,Olfr601
1831,V3M3_GTCGAATAGTTGGCGA,Olfr1389,Olfr1044
1832,V3M3_CACAACAAGCAACAGC,Olfr1297,Olfr1193
1833,V3M3_TTCCTTCCAAATAAGC,Olfr1346,Olfr1346
1834,V3M3_TCCAGAACAGAGAGGG,Olfr825,Olfr360
1835,V3M3_TTCCGTGGTGGCAGAT,Olfr311,Olfr235
1836,V3M3_AGGTAGGAGCCTGACC,Olfr1039,Olfr612
1837,V3M3_GAGACTTGTCGACTGC,Olfr806,Olfr1317
1838,V3M3_AGCGCCACAGACACAG,Olfr801,Olfr1346
1839,V3M3_ACAGCCGGTGAGGATC,Olfr669,Olfr654
1840,V3M3_TCCTAATTCGTTATCT,Olfr750,Olfr654
1841,V3M3_CCGGTAGCACTGGAAG,Olfr610,Olfr1312
1842,V3M3_TCAATCTCAACATCGT,Olfr527,Olfr731
1843,V3M3_TCCTTCTCAGGTGTTT,Olfr1177-ps,Olfr67
1844,V3M3_GAAGGGTTCAAAGACA,Olfr374,Olfr67
1845,V3M3_TAGGGTTAGGAGACCT,Olfr536,Olfr67
1846,V3M3_GGGCCATGTATGGTTC,Olfr669,Olfr669
1847,V3M3_TACCCACCAATACGCT,Olfr1216,Olfr1336
1848,V3M3_TCATGAGCACCATTCC,Olfr594,Olfr67
1849,V3M3_GTAGTACTCTACGCAA,Olfr455,Olfr1311
1850,V3M3_ACCTACCTCTGGCCGA,Olfr12,Olfr921
1851,V3M3_GCCATTCAGGGCAGAG,Olfr1426,Olfr1307
1852,V3M3_TATCAGGGTATGAAAC,Olfr741,Olfr741
1853,V3M3_GTGATGTTCACGGGAA,Olfr1178,Olfr1201
1854,V3M3_AGACTCAGTAGTCTGT,Olfr354,Olfr1100
1855,V3M3_AGTTAGCAGATAGCAT,Olfr67,Olfr67
1856,V3M3_GAAACCTAGAGGTTTA,Olfr167,Olfr1303
1857,V3M3_TCACGCTTCAAAGGTA,Olfr130,Olfr984
1858,V3M3_CATTGTTGTGATGTAA,Olfr220,Olfr67
1859,V3M3_TCCTCCCTCCGTAGTA,Olfr95,Olfr67
1860,V3M3_GAATCGTAGGCAGGTT,Olfr220,Olfr220
1861,V3M3_TGGGCGTTCTCAGGCG,Olfr1346,Olfr1346
1862,V3M3_TCGTAGACAGTTCTAG,Olfr1425,Olfr1193
1863,V3M3_CTCTCAGAGAGCAGCT,Olfr1042,Olfr67
1864,V3M3_AGAACAACACTTCAGA,Olfr1274,Olfr1110
1865,V3M3_GAGGCAACAAATCAGA,Olfr287,Olfr287
1866,V3M3_AGGTGTTCAGCGGATA,Olfr1392,Olfr1392
1867,V3M3_AGGCATTAGCTCGTGC,Olfr1359,Olfr1286
1868,V3M3_CTTTCAACATGACACT,Olfr868,Olfr1196
1869,V3M3_AAAGGTAGTCTCGCGA,Olfr804,Olfr1303
1870,V3M3_GAATCGTGTCTTTCTA,Olfr67,Olfr67
1871,V3M3_ACAACCACAAAGGTTA,Olfr1213,Olfr1322
1872,V3M3_CGGAACCTCTGGCCTT,Olfr598,Olfr67
1873,V3M3_TTTCACACAGCAGATG,Olfr1349,Olfr1349
1874,V3M3_CCCAACTGTGGTGATG,Olfr446,Olfr679
1875,V3M3_GTCATCCCAAATGAGT,Olfr1323,Olfr1312
1876,V3M3_TGAGTCAAGTGAGTGC,Olfr263,Olfr1193
1877,V3M3_GCACATAAGCACTCGC,Olfr1216,Olfr1303
1878,V3M3_ATTACCTCAATCTAGC,Olfr177,Olfr523
1879,V3M3_ATGTCTTAGTAGTCAA,Olfr1420,Olfr1195
1880,V3M3_TTCATTGAGAATTCAG,Olfr370,Olfr1346
1881,V3M3_TCATACTCATGGCTGC,Olfr169,Olfr1386
1882,V3M3_CTAACTTCACAGAAGC,Olfr1106,Olfr1046
1883,V3M3_TTAGGCAGTACTGCGC,Olfr15,Olfr731
1884,V3M3_AGTTAGCCAAATCCCA,Olfr776,Olfr984
1885,V3M3_CACATGAAGTCTGGAG,Olfr801,Olfr786
1886,V3M3_CTGTGAAGTTGCTAGT,Olfr1264,Olfr731
1887,V3M3_AGCCAGCGTGACGCCT,Olfr49,Olfr775
1888,V3M3_TGTGAGTTCGGCATAT,Olfr12,Olfr1013
1889,V3M3_ACTATCTCAAAGCAAT,Olfr820,Olfr1346
1890,V3M3_GACCGTGAGGACAAGA,Olfr710,Olfr1259
1891,V3M3_TCAGCAAAGCTACTGT,Olfr887,Olfr1303
1892,V3M3_GCCCGAAAGTTGGGAC,Olfr2,Olfr786
1893,V3M3_TCATTACAGTCATAGA,Olfr1140,Olfr523
1894,V3M3_TATGTTCGTGTGAATA,Olfr263,Olfr1193
1895,V3M3_TGTGCGGAGTTATGGA,Olfr222,Olfr1423
1896,V3M3_GCGTGCAAGGTGCGAT,Olfr3,Olfr1328
1897,V3M3_ATACCGAAGATCACCT,Olfr224,Olfr330
1898,V3M3_TTGTGTTAGGGTAATT,Olfr806,Olfr961
1899,V3M3_CGAATTGCAGAACTTC,Olfr571,Olfr571
1900,V3M3_TCTATCAGTGCCGGTT,Olfr1352,Olfr67
1901,V3M3_CTACTATCATCTTCGC,Olfr1241,Olfr1193
1902,V3M3_AGGGCTCCACAGCATT,Olfr1301,Olfr67
1903,V3M3_CAGCCAGTCCTGTAAG,Olfr718-ps1,Olfr1271
1904,V3M3_CGATCGGTCTTCGATT,Olfr699,Olfr727
1905,V3M3_CAGATACCACCGTACG,Olfr450,Olfr1271
1906,V3M3_GTTCATTGTAGACAGC,Olfr536,Olfr1286
1907,V3M3_TGTCCACGTACTCCCT,Olfr167,Olfr67
1908,V3M3_TGGAGGAGTCATCAGT,Olfr1124,Olfr1346
1909,V3M3_TAGGTACTCCGTGCGA,Olfr1420,Olfr285
1910,V3M3_AAGCGTTTCGAAGCAG,Olfr1240,Olfr849
1911,V3M3_GAGTTTGTCAGAGCGA,Olfr325,Olfr330
1912,V3M3_GGCAGTCCATGGAAGC,Olfr460,Olfr769
1913,V3M3_TCCTCGACACCACTGG,Olfr224,Olfr775
1914,V3M3_ACAGAAAGTCCTGGGT,Olfr859,Olfr943
1915,V3M3_ATCGATGAGGCCGCTT,Olfr173,Olfr601
1916,V3M3_TGCGGGTTCATAGGCT,Olfr1507,Olfr1196
1917,V3M3_GGAGCAACACCTGCTT,Olfr868,Olfr1193
